time_series_timestamp,time_series_type,time_series_data,time_series_adjusted_data,standard_error,confidence_level,prediction_interval_lower_bound,prediction_interval_upper_bound,trend,seasonal_period_yearly,seasonal_period_quarterly,seasonal_period_monthly,seasonal_period_weekly,seasonal_period_daily,holiday_effect,spikes_and_dips,step_changes,residual
1975-01-01 00:00:00.000000 UTC,history,67.0117,67.0117,2.5712099753508539,,,,0.0,6.8215833786352018,,,,,,,,60.1901166213648
1975-02-01 00:00:00.000000 UTC,history,52.6964,55.24783239668286,2.5712099753508539,,,,60.293395870391947,-5.0455634737090875,,,,,,,,-2.5514323966828627
1975-03-01 00:00:00.000000 UTC,history,50.6689,44.963100620734707,2.5712099753508539,,,,58.390360373869882,-13.427259753135173,,,,,,,,5.7057993792652937
1975-04-01 00:00:00.000000 UTC,history,59.7613,51.335783271087848,2.5712099753508539,,,,63.042330845561239,-11.706547574473388,,,,,,,,8.42551672891215
1975-05-01 00:00:00.000000 UTC,history,60.8277,59.025512314576495,2.5712099753508539,,,,68.870757428761692,-9.8452451141851967,,,,,,,,1.8021876854235046
1975-06-01 00:00:00.000000 UTC,history,63.3629,59.80766381899987,2.5712099753508539,,,,69.464829952127729,-9.6571661331278555,,,,,,,,3.5552361810001329
1975-07-01 00:00:00.000000 UTC,history,62.3089,59.716792283987651,2.5712099753508539,,,,72.031635730826679,-12.314843446839028,,,,,,,,2.5921077160123502
1975-08-01 00:00:00.000000 UTC,history,66.9021,64.101425513714275,2.5712099753508539,,,,73.703280664794917,-9.60185515108064,,,,,,,,2.8006744862857289
1975-09-01 00:00:00.000000 UTC,history,66.32,69.6268614206639,2.5712099753508539,,,,75.627781847343272,-6.0009204266793663,,,,,,,,-3.3068614206639069
1975-10-01 00:00:00.000000 UTC,history,96.3411,93.390695292337625,2.5712099753508539,,,,72.985806792522951,20.404888499814682,,,,,,,,2.9504047076623721
1975-11-01 00:00:00.000000 UTC,history,105.6285,99.979154783496483,2.5712099753508539,,,,75.620468565512283,24.358686217984193,,,,,,,,5.6493452165035194
1975-12-01 00:00:00.000000 UTC,history,102.1819,105.19938277773095,2.5712099753508539,,,,79.628575449197811,25.570807328533135,,,,,,,,-3.0174827777309474
1976-01-01 00:00:00.000000 UTC,history,87.9578,83.767610498841108,2.5712099753508539,,,,76.912811874408163,6.8547986244329424,,,,,,,,4.1901895011588977
1976-02-01 00:00:00.000000 UTC,history,75.1878,75.629039846983076,2.5712099753508539,,,,80.440758564416242,-4.81171871743316,,,,,,,,-0.4412398469830805
1976-03-01 00:00:00.000000 UTC,history,62.0101,66.742476667804141,2.5712099753508539,,,,79.790362911267025,-13.047886243462884,,,,,,,,-4.7323766678041395
1976-04-01 00:00:00.000000 UTC,history,64.4758,64.69505907073335,2.5712099753508539,,,,76.4165713924924,-11.721512321759052,,,,,,,,-0.21925907073334372
1976-05-01 00:00:00.000000 UTC,history,70.5454,66.957253131807221,2.5712099753508539,,,,76.837038119077192,-9.8797849872699679,,,,,,,,3.58814686819278
1976-06-01 00:00:00.000000 UTC,history,68.2086,70.072740370133189,2.5712099753508539,,,,79.632913357909743,-9.5601729877765482,,,,,,,,-1.8641403701331853
1976-07-01 00:00:00.000000 UTC,history,69.3122,65.531169712087788,2.5712099753508539,,,,77.984692879906234,-12.453523167818448,,,,,,,,3.7810302879122162
1976-08-01 00:00:00.000000 UTC,history,71.5922,71.384394523653853,2.5712099753508539,,,,81.091072985619064,-9.7066784619652164,,,,,,,,0.20780547634615232
1976-09-01 00:00:00.000000 UTC,history,76.9073,75.028127889424326,2.5712099753508539,,,,80.965232583085623,-5.9371046936613006,,,,,,,,1.8791721105756807
1976-10-01 00:00:00.000000 UTC,history,107.9049,102.52919930888643,2.5712099753508539,,,,82.445927401103859,20.083271907782578,,,,,,,,5.3757006911135647
1976-11-01 00:00:00.000000 UTC,history,111.6584,110.40077263774248,2.5712099753508539,,,,86.3591181420874,24.041654495655077,,,,,,,,1.2576273622575229
1976-12-01 00:00:00.000000 UTC,history,113.9655,112.210785566252,2.5712099753508539,,,,86.852700360568235,25.358085205683768,,,,,,,,1.7547144337480063
1977-01-01 00:00:00.000000 UTC,history,97.3515,95.222232877753328,2.5712099753508539,,,,88.13421328598325,7.0880195917700828,,,,,,,,2.1292671222466737
1977-02-01 00:00:00.000000 UTC,history,90.0083,85.5014993738183,2.5712099753508539,,,,89.644015667762858,-4.1425162939445581,,,,,,,,4.5068006261817
1977-03-01 00:00:00.000000 UTC,history,77.2871,80.486882511306774,2.5712099753508539,,,,92.885178956735132,-12.398296445428363,,,,,,,,-3.199782511306779
1977-04-01 00:00:00.000000 UTC,history,76.0459,78.194586417800835,2.5712099753508539,,,,90.14971757365096,-11.955131155850129,,,,,,,,-2.1486864178008318
1977-05-01 00:00:00.000000 UTC,history,77.9316,78.9802603190029,2.5712099753508539,,,,88.978727354228923,-9.9984670352260334,,,,,,,,-1.0486603190028916
1977-06-01 00:00:00.000000 UTC,history,78.3077,78.976593176569708,2.5712099753508539,,,,88.519696260186109,-9.543103083616403,,,,,,,,-0.66889317656971059
1977-07-01 00:00:00.000000 UTC,history,75.8701,75.431302823252608,2.5712099753508539,,,,88.231635455344858,-12.80033263209225,,,,,,,,0.43879717674738572
1977-08-01 00:00:00.000000 UTC,history,78.1822,78.692183796124979,2.5712099753508539,,,,88.7293791247018,-10.037195328576813,,,,,,,,-0.50998379612498468
1977-09-01 00:00:00.000000 UTC,history,84.2727,82.5512035601226,2.5712099753508539,,,,88.40859929795144,-5.857395737828841,,,,,,,,1.7214964398773986
1977-10-01 00:00:00.000000 UTC,history,109.2254,109.3475637488669,2.5712099753508539,,,,89.844808043648555,19.502755705218352,,,,,,,,-0.12216374886691028
1977-11-01 00:00:00.000000 UTC,history,106.1656,112.98792455937222,2.5712099753508539,,,,89.6824497619875,23.305474797384715,,,,,,,,-6.82232455937222
1977-12-01 00:00:00.000000 UTC,history,113.0575,109.67638920108973,2.5712099753508539,,,,84.72091574763536,24.955473453454374,,,,,,,,3.3811107989102709
1978-01-01 00:00:00.000000 UTC,history,90.1141,95.296941948738365,2.5712099753508539,,,,88.032940631318311,7.2640013174200506,,,,,,,,-5.1828419487383712
1978-02-01 00:00:00.000000 UTC,history,80.4678,81.351618557537364,2.5712099753508539,,,,83.935931290288877,-2.5843127327515116,,,,,,,,-0.88381855753736716
1978-03-01 00:00:00.000000 UTC,history,76.464,73.5330778619062,2.5712099753508539,,,,83.907551017708641,-10.374473155802452,,,,,,,,2.9309221380938055
1978-04-01 00:00:00.000000 UTC,history,77.4211,74.110172296431628,2.5712099753508539,,,,86.281768932268619,-12.171596635836986,,,,,,,,3.3109277035683675
1978-05-01 00:00:00.000000 UTC,history,76.7081,78.434764167724509,2.5712099753508539,,,,88.551584318179138,-10.116820150454624,,,,,,,,-1.7266641677245076
1978-06-01 00:00:00.000000 UTC,history,78.1769,78.139279286924619,2.5712099753508539,,,,87.033813131370067,-8.8945338444454531,,,,,,,,0.03762071307538406
1978-07-01 00:00:00.000000 UTC,history,72.4653,74.057893344182247,2.5712099753508539,,,,87.340364530015435,-13.282471185833186,,,,,,,,-1.592593344182248
1978-08-01 00:00:00.000000 UTC,history,75.9054,76.006602093542639,2.5712099753508539,,,,86.254618658610909,-10.248016565068269,,,,,,,,-0.1012020935426392
1978-09-01 00:00:00.000000 UTC,history,82.732,81.275245227582758,2.5712099753508539,,,,86.444248523832783,-5.169003296250021,,,,,,,,1.4567547724172414
1978-10-01 00:00:00.000000 UTC,history,105.0435,105.87217439183856,2.5712099753508539,,,,87.641942105625986,18.230232286212569,,,,,,,,-0.82867439183856106
1978-11-01 00:00:00.000000 UTC,history,111.6915,108.73281780465908,2.5712099753508539,,,,86.980665041128333,21.752152763530752,,,,,,,,2.958682195340927
1978-12-01 00:00:00.000000 UTC,history,114.0821,113.54142098932677,2.5712099753508539,,,,89.369944936911267,24.1714760524155,,,,,,,,0.54067901067323021
1979-01-01 00:00:00.000000 UTC,history,98.6382,95.888843242960661,2.5712099753508539,,,,89.575301976434673,6.3135412665259834,,,,,,,,2.7493567570393367
1979-02-01 00:00:00.000000 UTC,history,84.7727,89.5528041397839,2.5712099753508539,,,,91.669807490988219,-2.1170033512043207,,,,,,,,-4.7801041397839015
1979-03-01 00:00:00.000000 UTC,history,81.0653,78.646436378998345,2.5712099753508539,,,,87.936643360667645,-9.2902069816692929,,,,,,,,2.4188636210016483
1979-04-01 00:00:00.000000 UTC,history,77.1607,77.723797959485367,2.5712099753508539,,,,90.325265977738084,-12.601468018252721,,,,,,,,-0.56309795948536134
1979-05-01 00:00:00.000000 UTC,history,78.378,80.283242407964423,2.5712099753508539,,,,89.763976529939,-9.4807341219745727,,,,,,,,-1.9052424079644226
1979-06-01 00:00:00.000000 UTC,history,81.0958,80.841529588625988,2.5712099753508539,,,,88.506529225475461,-7.6649996368494717,,,,,,,,0.25427041137400863
1979-07-01 00:00:00.000000 UTC,history,74.7939,75.885089935203,2.5712099753508539,,,,88.992439148894022,-13.107349213691027,,,,,,,,-1.0911899352030048
1979-08-01 00:00:00.000000 UTC,history,77.1113,78.733156622031174,2.5712099753508539,,,,88.257851114865147,-9.5246944928339659,,,,,,,,-1.6218566220311743
1979-09-01 00:00:00.000000 UTC,history,80.8078,81.450023281811085,2.5712099753508539,,,,87.264904360514166,-5.8148810787030838,,,,,,,,-0.64222328181108423
1979-10-01 00:00:00.000000 UTC,history,101.097,104.62518489652592,2.5712099753508539,,,,87.054872343049766,17.57031255347616,,,,,,,,-3.5281848965259286
1979-11-01 00:00:00.000000 UTC,history,106.7263,106.48816920473668,2.5712099753508539,,,,84.5976500270649,21.890519177671774,,,,,,,,0.23813079526331649
1979-12-01 00:00:00.000000 UTC,history,105.622,107.77289009394119,2.5712099753508539,,,,85.2362814041413,22.536608689799895,,,,,,,,-2.1508900939411859
1980-01-01 00:00:00.000000 UTC,history,86.9268,90.102653027128454,2.5712099753508539,,,,83.714694477732053,6.3879585493964015,,,,,,,,-3.1758530271284542
1980-02-01 00:00:00.000000 UTC,history,84.4365,80.95632837444586,2.5712099753508539,,,,81.67281369775732,-0.71648532331146286,,,,,,,,3.4801716255541351
1980-03-01 00:00:00.000000 UTC,history,74.4834,75.524581558645508,2.5712099753508539,,,,84.688434528970845,-9.16385297032533,,,,,,,,-1.0411815586455049
1980-04-01 00:00:00.000000 UTC,history,65.561,69.99746025727292,2.5712099753508539,,,,83.663626156212317,-13.666165898939395,,,,,,,,-4.4364602572729126
1980-05-01 00:00:00.000000 UTC,history,74.3631,71.238542699394316,2.5712099753508539,,,,80.570953502761313,-9.3324108033669955,,,,,,,,3.1245573006056873
1980-06-01 00:00:00.000000 UTC,history,76.9925,75.764420562352853,2.5712099753508539,,,,83.449878141957271,-7.68545757960442,,,,,,,,1.2280794376471533
1980-07-01 00:00:00.000000 UTC,history,71.0376,71.29699595099413,2.5712099753508539,,,,84.149967193770181,-12.852971242776045,,,,,,,,-0.25939595099413282
1980-08-01 00:00:00.000000 UTC,history,77.2616,74.530324056045416,2.5712099753508539,,,,83.935562687112551,-9.4052386310671334,,,,,,,,2.7312759439545857
1980-09-01 00:00:00.000000 UTC,history,77.951,79.20601918711391,2.5712099753508539,,,,86.09782190975281,-6.8918027226388938,,,,,,,,-1.2550191871139162
1980-10-01 00:00:00.000000 UTC,history,100.8283,104.35150908402586,2.5712099753508539,,,,84.989888676275726,19.361620407750141,,,,,,,,-3.523209084025865
1980-11-01 00:00:00.000000 UTC,history,106.7109,105.40573220521911,2.5712099753508539,,,,82.598569700547827,22.807162504671286,,,,,,,,1.3051677947808855
1980-12-01 00:00:00.000000 UTC,history,107.0469,105.92617500282677,2.5712099753508539,,,,84.030793257710485,21.895381745116282,,,,,,,,1.1207249971732267
1981-01-01 00:00:00.000000 UTC,history,96.3481,90.853743162522122,2.5712099753508539,,,,84.835660839893166,6.0180823226289517,,,,,,,,5.4943568374778806
1981-02-01 00:00:00.000000 UTC,history,90.4918,89.6065443914363,2.5712099753508539,,,,88.914140668416323,0.69240372301998521,,,,,,,,0.88525560856369623
1981-03-01 00:00:00.000000 UTC,history,78.0943,79.813165210804357,2.5712099753508539,,,,89.118557037782082,-9.3053918269777185,,,,,,,,-1.7188652108043527
1981-04-01 00:00:00.000000 UTC,history,78.0284,72.934633002056842,2.5712099753508539,,,,87.8528016198252,-14.918168617768362,,,,,,,,5.0937669979431632
1981-05-01 00:00:00.000000 UTC,history,83.3531,81.762753734113275,2.5712099753508539,,,,91.9213848107809,-10.158631076667628,,,,,,,,1.5903462658867227
1981-06-01 00:00:00.000000 UTC,history,83.0404,83.7790017729103,2.5712099753508539,,,,92.691195994161689,-8.9121942212513758,,,,,,,,-0.73860177291030027
1981-07-01 00:00:00.000000 UTC,history,79.2798,79.446641197077668,2.5712099753508539,,,,92.0833918060969,-12.636750609019231,,,,,,,,-0.16684119707767309
1981-08-01 00:00:00.000000 UTC,history,81.7679,82.672384856667037,2.5712099753508539,,,,92.137490280490155,-9.4651054238231236,,,,,,,,-0.90448485666703959
1981-09-01 00:00:00.000000 UTC,history,83.2954,84.280371618451838,2.5712099753508539,,,,91.584593489684281,-7.304221871232448,,,,,,,,-0.98497161845183712
1981-10-01 00:00:00.000000 UTC,history,118.4981,112.85428450529186,2.5712099753508539,,,,91.04667048261615,21.807614022675711,,,,,,,,5.6438154947081358
1981-11-01 00:00:00.000000 UTC,history,116.9605,118.63652835567575,2.5712099753508539,,,,95.450112027654413,23.186416328021345,,,,,,,,-1.6760283556757543
1981-12-01 00:00:00.000000 UTC,history,113.2558,115.57990437378385,2.5712099753508539,,,,93.733230518333187,21.846673855450653,,,,,,,,-2.3241043737838538
1982-01-01 00:00:00.000000 UTC,history,95.9863,98.346533803711353,2.5712099753508539,,,,92.277028071058211,6.0695057326531412,,,,,,,,-2.3602338037113526
1982-02-01 00:00:00.000000 UTC,history,92.9899,91.455898885716749,2.5712099753508539,,,,90.859719141611762,0.59617974410498276,,,,,,,,1.5340011142832566
1982-03-01 00:00:00.000000 UTC,history,83.0765,82.750861760266446,2.5712099753508539,,,,92.344197364766785,-9.5933356045003446,,,,,,,,0.32563823973355
1982-04-01 00:00:00.000000 UTC,history,73.5603,77.8289409582166,2.5712099753508539,,,,92.534128047102243,-14.705187088885635,,,,,,,,-4.2686409582166078
1982-05-01 00:00:00.000000 UTC,history,76.4383,78.442038026889051,2.5712099753508539,,,,89.4276122275217,-10.985574200632653,,,,,,,,-2.003738026889053
1982-06-01 00:00:00.000000 UTC,history,78.5492,78.006191347844663,2.5712099753508539,,,,88.472985507639478,-10.466794159794823,,,,,,,,0.54300865215533634
1982-07-01 00:00:00.000000 UTC,history,76.3145,76.796374470785366,2.5712099753508539,,,,89.183774225673673,-12.38739975488831,,,,,,,,-0.48187447078537105
1982-08-01 00:00:00.000000 UTC,history,77.7653,79.394403749875536,2.5712099753508539,,,,88.873335854735473,-9.47893210485993,,,,,,,,-1.62910374987554
1982-09-01 00:00:00.000000 UTC,history,81.3017,81.103367138723044,2.5712099753508539,,,,87.8131487029444,-6.70978156422136,,,,,,,,0.1983328612769526
1982-10-01 00:00:00.000000 UTC,history,114.1349,111.92875696729901,2.5712099753508539,,,,88.2294007087362,23.699356258562819,,,,,,,,2.206143032700993
1982-11-01 00:00:00.000000 UTC,history,114.9389,113.38104144616979,2.5712099753508539,,,,89.954391324962216,23.426650121207572,,,,,,,,1.557858553830215
1982-12-01 00:00:00.000000 UTC,history,115.1824,112.63841103129214,2.5712099753508539,,,,90.993125883461488,21.645285147830652,,,,,,,,2.5439889687078647
1983-01-01 00:00:00.000000 UTC,history,95.1877,99.099073562061747,2.5712099753508539,,,,92.8315488495134,6.26752471254835,,,,,,,,-3.9113735620617405
1983-02-01 00:00:00.000000 UTC,history,87.1973,89.389638588076451,2.5712099753508539,,,,89.765746113575091,-0.37610752549863691,,,,,,,,-2.1923385880764528
1983-03-01 00:00:00.000000 UTC,history,77.9717,79.117759313294343,2.5712099753508539,,,,88.634497863180457,-9.5167385498861137,,,,,,,,-1.1460593132943444
1983-04-01 00:00:00.000000 UTC,history,73.7339,73.795797845665533,2.5712099753508539,,,,88.107412483130418,-14.31161463746488,,,,,,,,-0.061897845665527029
1983-05-01 00:00:00.000000 UTC,history,75.5696,76.453878153909642,2.5712099753508539,,,,88.280968565533527,-11.827090411623882,,,,,,,,-0.88427815390964781
1983-06-01 00:00:00.000000 UTC,history,74.7701,75.989387268998158,2.5712099753508539,,,,87.732457750099073,-11.743070481100911,,,,,,,,-1.2192872689981584
1983-07-01 00:00:00.000000 UTC,history,76.334,74.523743174196966,2.5712099753508539,,,,87.018104182377044,-12.494361008180086,,,,,,,,1.8102568258030374
1983-08-01 00:00:00.000000 UTC,history,79.558,79.234886101051941,2.5712099753508539,,,,88.5923651568742,-9.3574790558222567,,,,,,,,0.32311389894806553
1983-09-01 00:00:00.000000 UTC,history,82.8953,83.5764671585208,2.5712099753508539,,,,88.75237656633368,-5.1759094078128856,,,,,,,,-0.68116715852079324
1983-10-01 00:00:00.000000 UTC,history,110.448,112.01641288411983,2.5712099753508539,,,,88.315942888523082,23.700469995596748,,,,,,,,-1.5684128841198373
1983-11-01 00:00:00.000000 UTC,history,106.51,110.94586707626667,2.5712099753508539,,,,87.321151052568652,23.624716023698014,,,,,,,,-4.4358670762666605
1983-12-01 00:00:00.000000 UTC,history,103.9983,106.53241710889313,2.5712099753508539,,,,84.282435134177277,22.249981974715855,,,,,,,,-2.5341171088931276
1984-01-01 00:00:00.000000 UTC,history,93.8437,89.5823295376194,2.5712099753508539,,,,82.950070039817376,6.6322594978020195,,,,,,,,4.2613704623805972
1984-02-01 00:00:00.000000 UTC,history,86.322,85.524947217575587,2.5712099753508539,,,,86.481927338844145,-0.95698012126856125,,,,,,,,0.7970527824244158
1984-03-01 00:00:00.000000 UTC,history,78.9029,76.777169336802956,2.5712099753508539,,,,86.745853649079137,-9.9686843122761832,,,,,,,,2.1257306631970465
1984-04-01 00:00:00.000000 UTC,history,75.6699,74.146343850291629,2.5712099753508539,,,,88.350229199622461,-14.203885349330838,,,,,,,,1.5235561497083694
1984-05-01 00:00:00.000000 UTC,history,77.883,77.123331788057584,2.5712099753508539,,,,89.371597696709173,-12.248265908651582,,,,,,,,0.75966821194241163
1984-06-01 00:00:00.000000 UTC,history,77.669,77.210637701829185,2.5712099753508539,,,,89.885597051205821,-12.674959349376632,,,,,,,,0.45836229817081175
1984-07-01 00:00:00.000000 UTC,history,76.908,77.0215323657488,2.5712099753508539,,,,90.252898717620212,-13.231366351871417,,,,,,,,-0.11353236574879588
1984-08-01 00:00:00.000000 UTC,history,81.232,80.987505939249559,2.5712099753508539,,,,90.225175221766364,-9.2376692825168067,,,,,,,,0.24449406075044067
1984-09-01 00:00:00.000000 UTC,history,85.8844,87.1397207996538,2.5712099753508539,,,,90.521946502816434,-3.3822257031626388,,,,,,,,-1.2553207996538021
1984-10-01 00:00:00.000000 UTC,history,112.1683,112.71166636928862,2.5712099753508539,,,,89.6662033262018,23.045463043086819,,,,,,,,-0.54336636928861992
1984-11-01 00:00:00.000000 UTC,history,115.5118,113.22765208315303,2.5712099753508539,,,,89.492537098577941,23.735114984575088,,,,,,,,2.2841479168469618
1984-12-01 00:00:00.000000 UTC,history,112.8158,114.11305619449335,2.5712099753508539,,,,91.350863865122491,22.762192329370858,,,,,,,,-1.2972561944933574
1985-01-01 00:00:00.000000 UTC,history,97.6849,97.132099968306392,2.5712099753508539,,,,90.256882124110746,6.8752178441956513,,,,,,,,0.55280003169360725
1985-02-01 00:00:00.000000 UTC,history,87.1184,90.677839671082069,2.5712099753508539,,,,90.903248007504459,-0.22540833642239361,,,,,,,,-3.5594396710820746
1985-03-01 00:00:00.000000 UTC,history,79.1429,78.0075837947849,2.5712099753508539,,,,88.301467819505532,-10.293884024720629,,,,,,,,1.1353162052150907
1985-04-01 00:00:00.000000 UTC,history,76.2069,75.178960223792629,2.5712099753508539,,,,89.610963996447964,-14.432003772655341,,,,,,,,1.0279397762073756
1985-05-01 00:00:00.000000 UTC,history,77.3304,77.676728109577354,2.5712099753508539,,,,90.364020452201459,-12.687292342624108,,,,,,,,-0.34632810957735671
1985-06-01 00:00:00.000000 UTC,history,75.8357,76.898345243651463,2.5712099753508539,,,,90.105235027979674,-13.206889784328215,,,,,,,,-1.0626452436514597
1985-07-01 00:00:00.000000 UTC,history,75.1953,74.720075094294984,2.5712099753508539,,,,89.452852412664626,-14.732777318369648,,,,,,,,0.4752249057050193
1985-08-01 00:00:00.000000 UTC,history,79.9166,80.247583340458547,2.5712099753508539,,,,90.017672691219076,-9.7700893507605322,,,,,,,,-0.33098334045854472
1985-09-01 00:00:00.000000 UTC,history,89.5288,87.2103076762368,2.5712099753508539,,,,89.8264088916348,-2.6161012153979972,,,,,,,,2.3184923237632091
1985-10-01 00:00:00.000000 UTC,history,112.2728,115.08453659562943,2.5712099753508539,,,,91.688737629672545,23.395798965956882,,,,,,,,-2.8117365956294265
1985-11-01 00:00:00.000000 UTC,history,113.6916,114.81573223175121,2.5712099753508539,,,,89.464181748008983,25.351550483742223,,,,,,,,-1.1241322317512186
1985-12-01 00:00:00.000000 UTC,history,117.1114,113.03258951530829,2.5712099753508539,,,,89.0162851042586,24.016304411049688,,,,,,,,4.078810484691715
1986-01-01 00:00:00.000000 UTC,history,97.3994,98.227908427390062,2.5712099753508539,,,,92.269162890806726,5.9587455365833328,,,,,,,,-0.82850842739006225
1986-02-01 00:00:00.000000 UTC,history,93.6471,91.786956252413574,2.5712099753508539,,,,91.341864190447012,0.44509206196655526,,,,,,,,1.8601437475864202
1986-03-01 00:00:00.000000 UTC,history,78.8262,82.858850301201343,2.5712099753508539,,,,92.913586380168141,-10.0547360789668,,,,,,,,-4.0326503012013433
1986-04-01 00:00:00.000000 UTC,history,73.6548,74.512282154752924,2.5712099753508539,,,,89.8269405347163,-15.314658379963378,,,,,,,,-0.85748215475292966
1986-05-01 00:00:00.000000 UTC,history,76.5236,75.84618713695113,2.5712099753508539,,,,89.701412717514913,-13.855225580563785,,,,,,,,0.67741286304887183
1986-06-01 00:00:00.000000 UTC,history,76.7767,76.711376203226123,2.5712099753508539,,,,90.395878285519615,-13.684502082293491,,,,,,,,0.065323796773881782
1986-07-01 00:00:00.000000 UTC,history,73.4034,74.984325695312208,2.5712099753508539,,,,90.479026762669477,-15.494701067357273,,,,,,,,-1.5809256953122031
1986-08-01 00:00:00.000000 UTC,history,79.5478,79.716718225112814,2.5712099753508539,,,,89.399152114739323,-9.6824338896265054,,,,,,,,-0.16891822511281873
1986-09-01 00:00:00.000000 UTC,history,88.4485,87.421148222823845,2.5712099753508539,,,,89.5372028127118,-2.1160545898879524,,,,,,,,1.0273517771761504
1986-10-01 00:00:00.000000 UTC,history,115.9014,114.66089567325339,2.5712099753508539,,,,90.422204699416667,24.238690973836722,,,,,,,,1.2405043267466027
1986-11-01 00:00:00.000000 UTC,history,119.4066,117.6482342157251,2.5712099753508539,,,,91.344412004393149,26.303822211331944,,,,,,,,1.7583657842749005
1986-12-01 00:00:00.000000 UTC,history,115.4294,117.492112228834,2.5712099753508539,,,,92.630380323787278,24.861731905046732,,,,,,,,-2.0627122288340018
1987-01-01 00:00:00.000000 UTC,history,97.1736,94.996729224721264,2.5712099753508539,,,,91.020108434677113,3.9766207900441572,,,,,,,,2.1768707752787293
1987-02-01 00:00:00.000000 UTC,history,94.2793,93.625909165020857,2.5712099753508539,,,,92.9528160849312,0.67309308008965041,,,,,,,,0.65339083497914885
1987-03-01 00:00:00.000000 UTC,history,83.6225,83.788392326793812,2.5712099753508539,,,,93.3214099362511,-9.5330176094572945,,,,,,,,-0.16589232679380927
1987-04-01 00:00:00.000000 UTC,history,77.3408,77.2268584116061,2.5712099753508539,,,,93.234923870545487,-16.008065458939388,,,,,,,,0.11394158839389945
1987-05-01 00:00:00.000000 UTC,history,78.0336,78.56817809917041,2.5712099753508539,,,,93.43985165158027,-14.871673552409852,,,,,,,,-0.53457809917040322
1987-06-01 00:00:00.000000 UTC,history,79.1708,79.623528429351666,2.5712099753508539,,,,93.133742199812261,-13.510213770460595,,,,,,,,-0.4527284293516658
1987-07-01 00:00:00.000000 UTC,history,76.1298,78.329579449471254,2.5712099753508539,,,,92.954372263416928,-14.624792813945675,,,,,,,,-2.1997794494712508
1987-08-01 00:00:00.000000 UTC,history,83.526,83.306027122976715,2.5712099753508539,,,,91.466525420327329,-8.1604982973506086,,,,,,,,0.21997287702328094
1987-09-01 00:00:00.000000 UTC,history,90.7704,90.444239308577608,2.5712099753508539,,,,91.956807090908569,-1.5125677823309667,,,,,,,,0.32616069142238757
1987-10-01 00:00:00.000000 UTC,history,121.6259,116.53249449725203,2.5712099753508539,,,,92.280503705917809,24.251990791334226,,,,,,,,5.09340550274797
1987-11-01 00:00:00.000000 UTC,history,124.8565,121.81596330843303,2.5712099753508539,,,,96.141242676082157,25.674720632350862,,,,,,,,3.0405366915669703
1987-12-01 00:00:00.000000 UTC,history,122.6595,122.05993622795077,2.5712099753508539,,,,97.990333550464157,24.069602677486607,,,,,,,,0.59956377204922262
1988-01-01 00:00:00.000000 UTC,history,95.8055,100.03770878009119,2.5712099753508539,,,,98.231204653504051,1.8065041265871489,,,,,,,,-4.2322087800911987
1988-02-01 00:00:00.000000 UTC,history,95.301,95.329578684480822,2.5712099753508539,,,,95.123997824491056,0.20558085998976416,,,,,,,,-0.028578684480820016
1988-03-01 00:00:00.000000 UTC,history,89.874,86.8352888757812,2.5712099753508539,,,,95.635602099129159,-8.8003132233479633,,,,,,,,3.0387111242187927
1988-04-01 00:00:00.000000 UTC,history,80.8266,82.325912161730884,2.5712099753508539,,,,98.003228450861755,-15.67731628913087,,,,,,,,-1.4993121617308844
1988-05-01 00:00:00.000000 UTC,history,82.4593,81.4602637430324,2.5712099753508539,,,,96.68228505278428,-15.222021309751884,,,,,,,,0.99903625696759946
1988-06-01 00:00:00.000000 UTC,history,86.7724,84.806109280779935,2.5712099753508539,,,,97.681252588108066,-12.875143307328134,,,,,,,,1.9662907192200691
1988-07-01 00:00:00.000000 UTC,history,90.7579,86.212443293191512,2.5712099753508539,,,,99.14646986893743,-12.934026575745921,,,,,,,,4.5454567068084941
1988-08-01 00:00:00.000000 UTC,history,98.0626,96.080350184636387,2.5712099753508539,,,,102.43294382237713,-6.3525936377407444,,,,,,,,1.9822498153636161
1988-09-01 00:00:00.000000 UTC,history,102.5171,102.68679967122931,2.5712099753508539,,,,103.55006752893024,-0.86326785770093661,,,,,,,,-0.16969967122930996
1988-10-01 00:00:00.000000 UTC,history,125.7369,125.92966401393598,2.5712099753508539,,,,103.32586553065678,22.603798483279192,,,,,,,,-0.19276401393597098
1988-11-01 00:00:00.000000 UTC,history,123.499,127.81523205185991,2.5712099753508539,,,,103.30292707093007,24.512304980929844,,,,,,,,-4.3162320518599131
1988-12-01 00:00:00.000000 UTC,history,122.454,123.93351237862129,2.5712099753508539,,,,100.21361270165376,23.719899676967522,,,,,,,,-1.479512378621294
1989-01-01 00:00:00.000000 UTC,history,102.9508,99.353580762377135,2.5712099753508539,,,,99.653949401931555,-0.300368639554422,,,,,,,,3.5972192376228662
1989-02-01 00:00:00.000000 UTC,history,102.3499,102.06229540830115,2.5712099753508539,,,,102.58449520022469,-0.52219979192353472,,,,,,,,0.28760459169885166
1989-03-01 00:00:00.000000 UTC,history,93.4219,94.365352297184685,2.5712099753508539,,,,102.53669919701539,-8.1713468998307111,,,,,,,,-0.9434522971846917
1989-04-01 00:00:00.000000 UTC,history,88.7382,86.58235426386068,2.5712099753508539,,,,101.90867516085797,-15.326320896997295,,,,,,,,2.1558457361393266
1989-05-01 00:00:00.000000 UTC,history,87.9183,88.283800460661567,2.5712099753508539,,,,103.71212815866423,-15.428327698002665,,,,,,,,-0.36550046066156483
1989-06-01 00:00:00.000000 UTC,history,90.5658,91.394376211975526,2.5712099753508539,,,,103.32458927357938,-11.930213061603855,,,,,,,,-0.82857621197553044
1989-07-01 00:00:00.000000 UTC,history,89.734,91.921626669515774,2.5712099753508539,,,,102.84834869397977,-10.926722024464004,,,,,,,,-2.1876266695157796
1989-08-01 00:00:00.000000 UTC,history,96.5697,97.09733414974211,2.5712099753508539,,,,101.40769552495365,-4.3103613752115466,,,,,,,,-0.52763414974211287
1989-09-01 00:00:00.000000 UTC,history,101.0261,101.64341492389059,2.5712099753508539,,,,101.34036869202143,0.3030462318691643,,,,,,,,-0.61731492389058928
1989-10-01 00:00:00.000000 UTC,history,120.0367,120.90739533891968,2.5712099753508539,,,,101.03780737772321,19.869587961196473,,,,,,,,-0.87069533891968831
1989-11-01 00:00:00.000000 UTC,history,123.3104,123.63105938896359,2.5712099753508539,,,,100.55578120772972,23.075278181233863,,,,,,,,-0.32065938896359114
1989-12-01 00:00:00.000000 UTC,history,125.996,123.50596681707653,2.5712099753508539,,,,100.50881481096081,22.997152006115709,,,,,,,,2.4900331829234688
1990-01-01 00:00:00.000000 UTC,history,99.9894,101.11669658855212,2.5712099753508539,,,,102.49775768445784,-1.3810610959057223,,,,,,,,-1.1272965885521131
1990-02-01 00:00:00.000000 UTC,history,101.2116,100.95243013939771,2.5712099753508539,,,,101.50936334025023,-0.55693320085253062,,,,,,,,0.25916986060229874
1990-03-01 00:00:00.000000 UTC,history,94.8477,94.049264385353951,2.5712099753508539,,,,101.91995604477751,-7.8706916594235548,,,,,,,,0.79843561464605273
1990-04-01 00:00:00.000000 UTC,history,88.4239,88.063119898457174,2.5712099753508539,,,,102.59114474139918,-14.528024842942003,,,,,,,,0.36078010154282936
1990-05-01 00:00:00.000000 UTC,history,88.6775,87.724060131038613,2.5712099753508539,,,,102.8818899904458,-15.157829859407187,,,,,,,,0.95343986896138233
1990-06-01 00:00:00.000000 UTC,history,92.761,92.95744458241073,2.5712099753508539,,,,103.65812036809959,-10.700675785688858,,,,,,,,-0.19644458241073437
1990-07-01 00:00:00.000000 UTC,history,96.9885,93.371445990140572,2.5712099753508539,,,,103.51844135607227,-10.146995365931696,,,,,,,,3.61705400985943
1990-08-01 00:00:00.000000 UTC,history,102.3169,102.97141022358898,2.5712099753508539,,,,106.33351378756622,-3.3621035639772447,,,,,,,,-0.65451022358897148
1990-09-01 00:00:00.000000 UTC,history,108.6388,106.66251526663396,2.5712099753508539,,,,105.58257532997106,1.079939936662903,,,,,,,,1.9762847333660432
1990-10-01 00:00:00.000000 UTC,history,124.4571,124.74790209809046,2.5712099753508539,,,,107.22306929640762,17.524832801682852,,,,,,,,-0.29080209809046664
1990-11-01 00:00:00.000000 UTC,history,133.202,129.157731020996,2.5712099753508539,,,,106.90934740039209,22.248383620603907,,,,,,,,4.0442689790039879
1990-12-01 00:00:00.000000 UTC,history,134.4426,131.99688927956046,2.5712099753508539,,,,110.05193405747411,21.94495522208636,,,,,,,,2.4457107204395356
1991-01-01 00:00:00.000000 UTC,history,107.4831,110.15109113561468,2.5712099753508539,,,,111.56484077113592,-1.413749635521238,,,,,,,,-2.6679911356146846
1991-02-01 00:00:00.000000 UTC,history,111.408,108.69904087484866,2.5712099753508539,,,,109.43434839696258,-0.73530752211390682,,,,,,,,2.7089591251513383
1991-03-01 00:00:00.000000 UTC,history,104.8112,103.87350708713933,2.5712099753508539,,,,111.82447764514646,-7.9509705580071319,,,,,,,,0.937692912860669
1991-04-01 00:00:00.000000 UTC,history,96.0485,98.478284531576335,2.5712099753508539,,,,112.35064302976245,-13.872358498186117,,,,,,,,-2.4297845315763311
1991-05-01 00:00:00.000000 UTC,history,94.9222,95.5948896797496,2.5712099753508539,,,,110.55049340557103,-14.955603725821428,,,,,,,,-0.67268967974959537
1991-06-01 00:00:00.000000 UTC,history,102.6901,100.39444512790185,2.5712099753508539,,,,110.39979474123231,-10.005349613330468,,,,,,,,2.2956548720981544
1991-07-01 00:00:00.000000 UTC,history,100.1583,102.43637539952728,2.5712099753508539,,,,112.27981170966763,-9.8434363101403424,,,,,,,,-2.2780753995272818
1991-08-01 00:00:00.000000 UTC,history,109.7879,107.21941275452913,2.5712099753508539,,,,110.45472870031878,-3.2353159457896483,,,,,,,,2.5684872454708625
1991-09-01 00:00:00.000000 UTC,history,111.1361,114.46253303761446,2.5712099753508539,,,,112.7007402698929,1.7617927677215557,,,,,,,,-3.3264330376144642
1991-10-01 00:00:00.000000 UTC,history,124.0982,126.91506475681214,2.5712099753508539,,,,110.06776818776002,16.847296569052123,,,,,,,,-2.8168647568121372
1991-11-01 00:00:00.000000 UTC,history,129.3138,130.14633497365267,2.5712099753508539,,,,108.4123697915748,21.733965182077871,,,,,,,,-0.83253497365268458
1991-12-01 00:00:00.000000 UTC,history,124.9696,128.87791088087923,2.5712099753508539,,,,108.18200261720247,20.695908263676746,,,,,,,,-3.9083108808792275
1992-01-01 00:00:00.000000 UTC,history,104.3101,104.76317412163452,2.5712099753508539,,,,105.46120469399928,-0.6980305723647573,,,,,,,,-0.45307412163451488
1992-02-01 00:00:00.000000 UTC,history,102.787,104.45839576727342,2.5712099753508539,,,,105.62401972256845,-1.1656239552950256,,,,,,,,-1.6713957672734097
1992-03-01 00:00:00.000000 UTC,history,94.9205,96.649605723283429,2.5712099753508539,,,,104.52943521560849,-7.8798294923250554,,,,,,,,-1.7291057232834248
1992-04-01 00:00:00.000000 UTC,history,92.0467,89.685897173819441,2.5712099753508539,,,,103.51556517437014,-13.8296680005507,,,,,,,,2.36080282618056
1992-05-01 00:00:00.000000 UTC,history,89.7304,90.302519426916,2.5712099753508539,,,,105.55129460159621,-15.248775174680203,,,,,,,,-0.5721194269160037
1992-06-01 00:00:00.000000 UTC,history,92.8576,95.394115297294661,2.5712099753508539,,,,104.98918462199416,-9.5950693246995,,,,,,,,-2.5365152972946561
1992-07-01 00:00:00.000000 UTC,history,92.1938,93.790322535635752,2.5712099753508539,,,,103.26285482280623,-9.4725322871704822,,,,,,,,-1.5965225356357564
1992-08-01 00:00:00.000000 UTC,history,96.2302,99.826372682187383,2.5712099753508539,,,,102.43546599603719,-2.6090933138498187,,,,,,,,-3.5961726821873867
1992-09-01 00:00:00.000000 UTC,history,104.1677,102.75891752752119,2.5712099753508539,,,,100.02451037840001,2.7344071491211883,,,,,,,,1.4087824724788049
1992-10-01 00:00:00.000000 UTC,history,118.988,118.99832868133353,2.5712099753508539,,,,101.54125077080022,17.457077910533307,,,,,,,,-0.010328681333533041
1992-11-01 00:00:00.000000 UTC,history,122.1755,122.16134698006903,2.5712099753508539,,,,101.49386225863383,20.667484721435198,,,,,,,,0.014153019930972732
1992-12-01 00:00:00.000000 UTC,history,121.4803,120.82491379423949,2.5712099753508539,,,,101.60873651534712,19.216177278892378,,,,,,,,0.65538620576050732
1993-01-01 00:00:00.000000 UTC,history,105.0701,102.5880947771084,2.5712099753508539,,,,102.19833654491913,0.38975823218926092,,,,,,,,2.4820052228916012
1993-02-01 00:00:00.000000 UTC,history,102.2842,101.72199944176499,2.5712099753508539,,,,104.08223390321224,-2.3602344614472539,,,,,,,,0.56220055823500559
1993-03-01 00:00:00.000000 UTC,history,94.8146,96.35867901769673,2.5712099753508539,,,,104.35199133900227,-7.9933123213055373,,,,,,,,-1.5440790176967312
1993-04-01 00:00:00.000000 UTC,history,89.6044,89.675053851714821,2.5712099753508539,,,,103.24910405352406,-13.574050201809239,,,,,,,,-0.07065385171482319
1993-05-01 00:00:00.000000 UTC,history,88.4397,88.234866647222717,2.5712099753508539,,,,103.45654383372585,-15.221677186503127,,,,,,,,0.20483335277728543
1993-06-01 00:00:00.000000 UTC,history,94.8144,94.166293870823054,2.5712099753508539,,,,103.71944703195648,-9.5531531611334231,,,,,,,,0.64810612917695209
1993-07-01 00:00:00.000000 UTC,history,95.7128,95.2925576161156,2.5712099753508539,,,,104.28427464591751,-8.991717029801908,,,,,,,,0.42024238388439983
1993-08-01 00:00:00.000000 UTC,history,103.4214,101.94704477672033,2.5712099753508539,,,,104.63453100318517,-2.6874862264648454,,,,,,,,1.4743552232796731
1993-09-01 00:00:00.000000 UTC,history,108.6304,109.01480780461979,2.5712099753508539,,,,105.79239507172231,3.2224127328974803,,,,,,,,-0.38440780461979784
1993-10-01 00:00:00.000000 UTC,history,124.8315,123.17701329607328,2.5712099753508539,,,,105.45995816880776,17.717055127265517,,,,,,,,1.6544867039267217
1993-11-01 00:00:00.000000 UTC,history,124.8048,126.22612307878273,2.5712099753508539,,,,106.83355147351858,19.392571605264145,,,,,,,,-1.4213230787827342
1993-12-01 00:00:00.000000 UTC,history,122.772,124.83839217064704,2.5712099753508539,,,,105.71115036425303,19.127241806394011,,,,,,,,-2.0663921706470347
1994-01-01 00:00:00.000000 UTC,history,105.333,105.32921923247117,2.5712099753508539,,,,104.42088612740235,0.90833310506882592,,,,,,,,0.0037807675288235032
1994-02-01 00:00:00.000000 UTC,history,100.7475,101.35577078393783,2.5712099753508539,,,,104.73673680885071,-3.3809660249128837,,,,,,,,-0.60827078393782585
1994-03-01 00:00:00.000000 UTC,history,98.4825,96.5467213731047,2.5712099753508539,,,,104.38696628380868,-7.84024491070398,,,,,,,,1.9357786268952992
1994-04-01 00:00:00.000000 UTC,history,89.3258,92.523912641942815,2.5712099753508539,,,,105.99262187301314,-13.468709231070314,,,,,,,,-3.1981126419428136
1994-05-01 00:00:00.000000 UTC,history,87.0124,88.814657792411182,2.5712099753508539,,,,103.51936831935329,-14.704710526942108,,,,,,,,-1.8022577924111829
1994-06-01 00:00:00.000000 UTC,history,93.7943,93.239441522803446,2.5712099753508539,,,,102.60602348254116,-9.3665819597377133,,,,,,,,0.55485847719656078
1994-07-01 00:00:00.000000 UTC,history,96.4548,94.543090089940065,2.5712099753508539,,,,103.30518018983848,-8.762090099898419,,,,,,,,1.9117099100599404
1994-08-01 00:00:00.000000 UTC,history,102.9823,102.16118838650888,2.5712099753508539,,,,104.77486315239361,-2.6136747658847224,,,,,,,,0.82111161349111228
1994-09-01 00:00:00.000000 UTC,history,109.7563,108.56363342859238,2.5712099753508539,,,,105.29519059652165,3.2684428320707357,,,,,,,,1.1926665714076137
1994-10-01 00:00:00.000000 UTC,history,123.0683,123.33814113692492,2.5712099753508539,,,,106.20273055909649,17.135410577828424,,,,,,,,-0.26984113692492429
1994-11-01 00:00:00.000000 UTC,history,123.1853,124.96271268918646,2.5712099753508539,,,,105.98414715741549,18.978565531770968,,,,,,,,-1.7774126891864626
1994-12-01 00:00:00.000000 UTC,history,124.9834,125.06963656853732,2.5712099753508539,,,,104.7920654305828,20.277571137954528,,,,,,,,-0.086236568537316316
1995-01-01 00:00:00.000000 UTC,history,107.7064,105.17428918751403,2.5712099753508539,,,,105.01159237714984,0.16269681036420247,,,,,,,,2.5321108124859677
1995-02-01 00:00:00.000000 UTC,history,99.2227,103.3543541727839,2.5712099753508539,,,,107.00805525317855,-3.6537010803946615,,,,,,,,-4.1316541727838967
1995-03-01 00:00:00.000000 UTC,history,96.1946,96.766007405732537,2.5712099753508539,,,,103.77952363506587,-7.01351622933334,,,,,,,,-0.57140740573254334
1995-04-01 00:00:00.000000 UTC,history,94.2656,90.341452687539089,2.5712099753508539,,,,103.87694401009109,-13.535491322552,,,,,,,,3.9241473124609172
1995-05-01 00:00:00.000000 UTC,history,93.5966,92.808148406546181,2.5712099753508539,,,,106.95861732189616,-14.150468915349975,,,,,,,,0.78845159345381433
1995-06-01 00:00:00.000000 UTC,history,98.2886,97.8908298127538,2.5712099753508539,,,,107.25037154517148,-9.3595417324176839,,,,,,,,0.39777018724620916
1995-07-01 00:00:00.000000 UTC,history,98.2274,97.8803622335683,2.5712099753508539,,,,107.56965850668358,-9.68929627311528,,,,,,,,0.34703776643169704
1995-08-01 00:00:00.000000 UTC,history,102.2729,105.25897041223749,2.5712099753508539,,,,107.89084513607969,-2.6318747238422016,,,,,,,,-2.9860704122374813
1995-09-01 00:00:00.000000 UTC,history,107.2035,108.76723204089994,2.5712099753508539,,,,105.73665619121047,3.0305758496894732,,,,,,,,-1.5637320408999358
1995-10-01 00:00:00.000000 UTC,history,120.4112,120.99172335237995,2.5712099753508539,,,,104.97930126317587,16.012422089204087,,,,,,,,-0.58052335237995578
1995-11-01 00:00:00.000000 UTC,history,123.8626,124.12645268905831,2.5712099753508539,,,,104.80928702434409,19.317165664714217,,,,,,,,-0.26385268905831083
1995-12-01 00:00:00.000000 UTC,history,128.9061,126.24695337242807,2.5712099753508539,,,,104.77514344044465,21.471809931983412,,,,,,,,2.6591466275719426
1996-01-01 00:00:00.000000 UTC,history,104.1852,106.68721091138526,2.5712099753508539,,,,106.88417583456349,-0.19696492317822789,,,,,,,,-2.5020109113852698
1996-02-01 00:00:00.000000 UTC,history,105.5477,101.66636664746993,2.5712099753508539,,,,104.85554296159668,-3.1891763141267488,,,,,,,,3.8813333525300777
1996-03-01 00:00:00.000000 UTC,history,102.9177,101.48127076356192,2.5712099753508539,,,,108.10131482795043,-6.6200440643885141,,,,,,,,1.4364292364380731
1996-04-01 00:00:00.000000 UTC,history,94.808,95.663815451490834,2.5712099753508539,,,,108.8796447778341,-13.21582932634327,,,,,,,,-0.85581545149082672
1996-05-01 00:00:00.000000 UTC,history,97.0557,94.8586559196409,2.5712099753508539,,,,108.20023221780055,-13.341576298159646,,,,,,,,2.197044080359106
1996-06-01 00:00:00.000000 UTC,history,100.4093,100.71198605622448,2.5712099753508539,,,,110.02544998707219,-9.3134639308477158,,,,,,,,-0.30268605622447353
1996-07-01 00:00:00.000000 UTC,history,98.2829,98.721899589582,2.5712099753508539,,,,109.68047633655249,-10.958576746970499,,,,,,,,-0.43899958958199647
1996-08-01 00:00:00.000000 UTC,history,108.0978,106.61582117902545,2.5712099753508539,,,,109.48778589293183,-2.8719647139063746,,,,,,,,1.481978820974561
1996-09-01 00:00:00.000000 UTC,history,114.7798,113.07492620314885,2.5712099753508539,,,,110.73853869027238,2.3363875128764695,,,,,,,,1.704873796851146
1996-10-01 00:00:00.000000 UTC,history,126.2366,126.910332987966,2.5712099753508539,,,,111.96018759728165,14.950145390684353,,,,,,,,-0.67373298796600523
1996-11-01 00:00:00.000000 UTC,history,133.8463,131.02152816140435,2.5712099753508539,,,,111.38903443569751,19.63249372570683,,,,,,,,2.8247718385956659
1996-12-01 00:00:00.000000 UTC,history,136.151,135.26939939735445,2.5712099753508539,,,,113.66293026588856,21.606469131465875,,,,,,,,0.8816006026455625
1997-01-01 00:00:00.000000 UTC,history,110.6349,114.04342493782697,2.5712099753508539,,,,114.13559603959669,-0.092171101769729,,,,,,,,-3.408524937826968
1997-02-01 00:00:00.000000 UTC,history,109.6545,109.51635766960334,2.5712099753508539,,,,111.61275369814084,-2.0963960285375052,,,,,,,,0.13814233039666135
1997-03-01 00:00:00.000000 UTC,history,106.5499,105.51599018433323,2.5712099753508539,,,,112.16482709955275,-6.6488369152195164,,,,,,,,1.0339098156667603
1997-04-01 00:00:00.000000 UTC,history,98.1605,100.12854988566158,2.5712099753508539,,,,113.02354212275833,-12.894992237096741,,,,,,,,-1.9680498856615856
1997-05-01 00:00:00.000000 UTC,history,97.3783,99.068140326735261,2.5712099753508539,,,,111.55725276079266,-12.489112434057404,,,,,,,,-1.6898403267352649
1997-06-01 00:00:00.000000 UTC,history,101.575,101.37424519155442,2.5712099753508539,,,,110.60271546081194,-9.2284702692575067,,,,,,,,0.20075480844558058
1997-07-01 00:00:00.000000 UTC,history,98.3122,99.509161187504148,2.5712099753508539,,,,111.02693481148678,-11.517773623982638,,,,,,,,-1.1969611875041437
1997-08-01 00:00:00.000000 UTC,history,109.9673,107.40932516178682,2.5712099753508539,,,,110.21906295473698,-2.809737792950163,,,,,,,,2.5579748382131697
1997-09-01 00:00:00.000000 UTC,history,115.0362,114.19707703616673,2.5712099753508539,,,,112.34751533930947,1.8495616968572703,,,,,,,,0.83912296383326179
1997-10-01 00:00:00.000000 UTC,history,129.5071,127.34190164420144,2.5712099753508539,,,,112.81564947992486,14.52625216427659,,,,,,,,2.1651983557985659
1997-11-01 00:00:00.000000 UTC,history,135.1607,133.77545983793649,2.5712099753508539,,,,114.44512696679698,19.330332871139525,,,,,,,,1.3852401620634964
1997-12-01 00:00:00.000000 UTC,history,136.0268,135.821176061119,2.5712099753508539,,,,115.3595535611434,20.461622499975583,,,,,,,,0.20562393888101838
1998-01-01 00:00:00.000000 UTC,history,119.7766,116.11727733896454,2.5712099753508539,,,,115.47526827201744,0.64200906694709559,,,,,,,,3.6593226610354606
1998-02-01 00:00:00.000000 UTC,history,117.1886,116.80686001797801,2.5712099753508539,,,,118.28098641202864,-1.4741263940506233,,,,,,,,0.38173998202198334
1998-03-01 00:00:00.000000 UTC,history,110.8164,111.17935014637483,2.5712099753508539,,,,118.29694304747514,-7.1175929011003056,,,,,,,,-0.36295014637482836
1998-04-01 00:00:00.000000 UTC,history,106.1647,106.4313839115591,2.5712099753508539,,,,118.09137825345685,-11.659994341897761,,,,,,,,-0.26668391155909887
1998-05-01 00:00:00.000000 UTC,history,107.1149,106.12007742086678,2.5712099753508539,,,,118.03304343254867,-11.91296601168189,,,,,,,,0.99482257913322769
1998-06-01 00:00:00.000000 UTC,history,110.8432,109.915466824451,2.5712099753508539,,,,118.90376029624414,-8.9882934717931455,,,,,,,,0.92773317554899393
1998-07-01 00:00:00.000000 UTC,history,109.0117,108.43154683769603,2.5712099753508539,,,,119.59650267106352,-11.164955833367486,,,,,,,,0.58015316230397218
1998-08-01 00:00:00.000000 UTC,history,117.6771,116.89610351095618,2.5712099753508539,,,,120.03738303619672,-3.1412795252405354,,,,,,,,0.78099648904381525
1998-09-01 00:00:00.000000 UTC,history,120.9282,122.02007033575003,2.5712099753508539,,,,120.66301279986958,1.3570575358804511,,,,,,,,-1.0918703357500306
1998-10-01 00:00:00.000000 UTC,history,132.6661,134.17961638841811,2.5712099753508539,,,,119.87445440522353,14.305161983194576,,,,,,,,-1.5135163884181111
1998-11-01 00:00:00.000000 UTC,history,136.9855,136.39663013094483,2.5712099753508539,,,,118.96220435803485,17.434425772909965,,,,,,,,0.58886986905517347
1998-12-01 00:00:00.000000 UTC,history,135.9605,138.04517501344753,2.5712099753508539,,,,119.65736464026006,18.387810373187484,,,,,,,,-2.0846750134475371
1999-01-01 00:00:00.000000 UTC,history,117.3789,119.70724695225941,2.5712099753508539,,,,118.14945460741752,1.5577923448418889,,,,,,,,-2.3283469522594089
1999-02-01 00:00:00.000000 UTC,history,114.6903,115.62778870548676,2.5712099753508539,,,,116.73157344794234,-1.1037847424555784,,,,,,,,-0.93748870548677132
1999-03-01 00:00:00.000000 UTC,history,107.101,109.14228978883287,2.5712099753508539,,,,116.37351312282351,-7.23122333399064,,,,,,,,-2.04128978883287
1999-04-01 00:00:00.000000 UTC,history,106.2725,105.48813651089358,2.5712099753508539,,,,115.0528198868063,-9.5646833759127148,,,,,,,,0.78436348910641129
1999-05-01 00:00:00.000000 UTC,history,107.8371,104.82807281997026,2.5712099753508539,,,,115.94703834924655,-11.118965529276299,,,,,,,,3.0090271800297472
1999-06-01 00:00:00.000000 UTC,history,108.3356,110.11942240670311,2.5712099753508539,,,,118.21005803501076,-8.0906356283076448,,,,,,,,-1.7838224067031092
1999-07-01 00:00:00.000000 UTC,history,107.8132,106.72370928699905,2.5712099753508539,,,,116.68039289276786,-9.9566836057688,,,,,,,,1.0894907130009415
1999-08-01 00:00:00.000000 UTC,history,112.5035,114.60960533597644,2.5712099753508539,,,,117.77555583248275,-3.165950496506309,,,,,,,,-2.1061053359764372
1999-09-01 00:00:00.000000 UTC,history,116.6453,117.82638066686489,2.5712099753508539,,,,116.20088293150283,1.6254977353620554,,,,,,,,-1.1810806668648866
1999-10-01 00:00:00.000000 UTC,history,131.6485,128.98481491397138,2.5712099753508539,,,,115.63898149900264,13.345833414968739,,,,,,,,2.6636850860286359
1999-11-01 00:00:00.000000 UTC,history,131.763,132.83127536837975,2.5712099753508539,,,,117.84449236033274,14.986783008046999,,,,,,,,-1.0682753683797444
1999-12-01 00:00:00.000000 UTC,history,134.5654,133.29590652297375,2.5712099753508539,,,,116.88239596921986,16.413510553753895,,,,,,,,1.2694934770262591
2000-01-01 00:00:00.000000 UTC,history,123.1325,119.35309736090038,2.5712099753508539,,,,118.03888857014962,1.3142087907507478,,,,,,,,3.7794026390996152
2000-02-01 00:00:00.000000 UTC,history,119.7423,119.70782802448217,2.5712099753508539,,,,120.82598577152319,-1.1181577470410273,,,,,,,,0.034471975517831766
2000-03-01 00:00:00.000000 UTC,history,113.9508,113.90856216016415,2.5712099753508539,,,,120.57131443939544,-6.6627522792312908,,,,,,,,0.042237839835848945
2000-04-01 00:00:00.000000 UTC,history,115.9481,112.34673644028393,2.5712099753508539,,,,120.70254225999054,-8.3558058197065979,,,,,,,,3.6013635597160629
2000-05-01 00:00:00.000000 UTC,history,108.7202,112.82392920673911,2.5712099753508539,,,,123.48171087948776,-10.657781672748662,,,,,,,,-4.1037292067391036
2000-06-01 00:00:00.000000 UTC,history,114.2071,113.25322578325294,2.5712099753508539,,,,120.16542943670582,-6.9122036534528783,,,,,,,,0.95387421674705308
2000-07-01 00:00:00.000000 UTC,history,111.8737,112.8588097484915,2.5712099753508539,,,,121.39514180979253,-8.53633206130104,,,,,,,,-0.98510974849149591
2000-08-01 00:00:00.000000 UTC,history,117.9027,118.26797471804457,2.5712099753508539,,,,120.66848795739466,-2.4005132393500848,,,,,,,,-0.36527471804457434
2000-09-01 00:00:00.000000 UTC,history,125.6499,123.02605415004092,2.5712099753508539,,,,120.59993183148393,2.4261223185569967,,,,,,,,2.623845849959082
2000-10-01 00:00:00.000000 UTC,history,136.8146,134.3510553082493,2.5712099753508539,,,,122.69298769933465,11.658067608914646,,,,,,,,2.4635446917507124
2000-11-01 00:00:00.000000 UTC,history,135.6331,137.46801829382841,2.5712099753508539,,,,124.36334305825565,13.104675235572767,,,,,,,,-1.8349182938283946
2000-12-01 00:00:00.000000 UTC,history,138.704,137.29742479156965,2.5712099753508539,,,,122.85101978261052,14.446405008959132,,,,,,,,1.406575208430354
2001-01-01 00:00:00.000000 UTC,history,122.5767,125.04276049365475,2.5712099753508539,,,,124.18734583004949,0.8554146636052552,,,,,,,,-2.4660604936547514
2001-02-01 00:00:00.000000 UTC,history,121.8879,120.94366072980868,2.5712099753508539,,,,122.31260663851347,-1.3689459087047937,,,,,,,,0.94423927019131781
2001-03-01 00:00:00.000000 UTC,history,118.5969,117.80277670462895,2.5712099753508539,,,,123.36892117960467,-5.5661444749757125,,,,,,,,0.79412329537105109
2001-04-01 00:00:00.000000 UTC,history,114.6967,115.73987888489219,2.5712099753508539,,,,123.96736437313113,-8.2274854882389334,,,,,,,,-1.0431788848921855
2001-05-01 00:00:00.000000 UTC,history,112.9349,112.39588062017367,2.5712099753508539,,,,123.21371013172029,-10.81782951154662,,,,,,,,0.5390193798263283
2001-06-01 00:00:00.000000 UTC,history,115.3333,118.31463905373212,2.5712099753508539,,,,123.82403087066453,-5.5093918169324,,,,,,,,-2.9813390537321283
2001-07-01 00:00:00.000000 UTC,history,113.4896,113.71781640757499,2.5712099753508539,,,,121.65387643043726,-7.9360600228622769,,,,,,,,-0.2282164075749904
2001-08-01 00:00:00.000000 UTC,history,119.6772,120.70909068278354,2.5712099753508539,,,,121.88994238341624,-1.1808517006326984,,,,,,,,-1.0318906827835406
2001-09-01 00:00:00.000000 UTC,history,123.5141,124.54411847353055,2.5712099753508539,,,,121.2484589213544,3.2956595521761445,,,,,,,,-1.0300184735305464
2001-10-01 00:00:00.000000 UTC,history,125.5298,131.03644700252525,2.5712099753508539,,,,120.6899437010898,10.34650330143544,,,,,,,,-5.5066470025252556
2001-11-01 00:00:00.000000 UTC,history,128.7324,129.80527451076983,2.5712099753508539,,,,116.79969666419605,13.005577846573797,,,,,,,,-1.0728745107698217
2001-12-01 00:00:00.000000 UTC,history,129.6597,129.58170774048259,2.5712099753508539,,,,116.6634864950359,12.918221245446695,,,,,,,,0.077992259517401408
2002-01-01 00:00:00.000000 UTC,history,117.5658,117.0812187048966,2.5712099753508539,,,,116.93372144347782,0.1474972614187772,,,,,,,,0.48458129510339631
2002-02-01 00:00:00.000000 UTC,history,114.5385,115.94378939374012,2.5712099753508539,,,,117.38972728864482,-1.4459378949047008,,,,,,,,-1.4052893937401194
2002-03-01 00:00:00.000000 UTC,history,110.3068,111.06497972056204,2.5712099753508539,,,,116.3980068686204,-5.3330271480583642,,,,,,,,-0.75817972056204042
2002-04-01 00:00:00.000000 UTC,history,104.6927,106.72879436781011,2.5712099753508539,,,,116.07969705724528,-9.35090268943517,,,,,,,,-2.036094367810108
2002-05-01 00:00:00.000000 UTC,history,101.8499,104.91313929234626,2.5712099753508539,,,,114.74466998797766,-9.831530695631395,,,,,,,,-3.0632392923462533
2002-06-01 00:00:00.000000 UTC,history,112.2162,107.89791386282688,2.5712099753508539,,,,112.77494517517036,-4.8770313123434743,,,,,,,,4.3182861371731178
2002-07-01 00:00:00.000000 UTC,history,110.4021,108.14743862463223,2.5712099753508539,,,,116.40286677413036,-8.2554281494981261,,,,,,,,2.2546613753677747
2002-08-01 00:00:00.000000 UTC,history,117.5309,117.49885355225155,2.5712099753508539,,,,117.74577965857111,-0.246926106319562,,,,,,,,0.03204644774845633
2002-09-01 00:00:00.000000 UTC,history,119.4877,121.22736087728032,2.5712099753508539,,,,117.64406824385078,3.5832926334295414,,,,,,,,-1.7396608772803148
2002-10-01 00:00:00.000000 UTC,history,124.0385,126.39589900915314,2.5712099753508539,,,,116.44943937175512,9.9464596373980143,,,,,,,,-2.3573990091531414
2002-11-01 00:00:00.000000 UTC,history,128.5738,129.06371829552967,2.5712099753508539,,,,114.97491765630005,14.088800639229616,,,,,,,,-0.48991829552966237
2002-12-01 00:00:00.000000 UTC,history,124.1789,127.08804630509476,2.5712099753508539,,,,114.95289156841709,12.135154736677679,,,,,,,,-2.9091463050947652
2003-01-01 00:00:00.000000 UTC,history,113.0303,113.47456635565433,2.5712099753508539,,,,112.94090325548626,0.5336631001680735,,,,,,,,-0.44426635565433514
2003-02-01 00:00:00.000000 UTC,history,111.1786,112.54302459132059,2.5712099753508539,,,,113.00885541331601,-0.46583082199542458,,,,,,,,-1.364424591320585
2003-03-01 00:00:00.000000 UTC,history,111.2168,105.1388610867436,2.5712099753508539,,,,112.14182723390459,-7.0029661471609845,,,,,,,,6.0779389132564035
2003-04-01 00:00:00.000000 UTC,history,105.1536,105.90678790742635,2.5712099753508539,,,,116.90686222122783,-11.000074313801484,,,,,,,,-0.75318790742635144
2003-05-01 00:00:00.000000 UTC,history,107.6101,107.06701932205567,2.5712099753508539,,,,115.83270115185442,-8.7656818297987567,,,,,,,,0.54308067794433157
2003-06-01 00:00:00.000000 UTC,history,111.6628,110.40684448490171,2.5712099753508539,,,,116.41660953812908,-6.0097650532273734,,,,,,,,1.2559555150982931
2003-07-01 00:00:00.000000 UTC,history,102.8517,108.48530751226812,2.5712099753508539,,,,117.39947045349022,-8.9141629412220986,,,,,,,,-5.6336075122681279
2003-08-01 00:00:00.000000 UTC,history,113.1477,112.72783731101994,2.5712099753508539,,,,113.18270639670583,-0.45486908568589052,,,,,,,,0.41986268898006074
2003-09-01 00:00:00.000000 UTC,history,116.8135,117.29802548765234,2.5712099753508539,,,,114.17028967233355,3.1277358153187875,,,,,,,,-0.48452548765233416
2003-10-01 00:00:00.000000 UTC,history,125.186,125.48420663751902,2.5712099753508539,,,,113.8703780142296,11.613828623289423,,,,,,,,-0.29820663751901577
2003-11-01 00:00:00.000000 UTC,history,132.7907,129.21725550541339,2.5712099753508539,,,,113.80092393359344,15.416331571819963,,,,,,,,3.573444494586596
2003-12-01 00:00:00.000000 UTC,history,128.8211,129.3758684333441,2.5712099753508539,,,,116.593870925098,12.78199750824608,,,,,,,,-0.55476843334409409
2004-01-01 00:00:00.000000 UTC,history,116.189,117.44499772822314,2.5712099753508539,,,,115.92158755766005,1.523410170563098,,,,,,,,-1.25599772822315
2004-02-01 00:00:00.000000 UTC,history,117.67,116.07564272367492,2.5712099753508539,,,,115.14646772793297,0.929174995741947,,,,,,,,1.5943572763250842
2004-03-01 00:00:00.000000 UTC,history,103.9096,107.88416803320436,2.5712099753508539,,,,116.56378078036958,-8.6796127471652174,,,,,,,,-3.9745680332043634
2004-04-01 00:00:00.000000 UTC,history,102.2036,102.02538618354288,2.5712099753508539,,,,113.54733819569461,-11.521952012151726,,,,,,,,0.17821381645711654
2004-05-01 00:00:00.000000 UTC,history,109.8036,105.76592617279711,2.5712099753508539,,,,114.18668788471415,-8.4207617119170326,,,,,,,,4.0376738272028945
2004-06-01 00:00:00.000000 UTC,history,106.296,108.76660705453358,2.5712099753508539,,,,117.27676010174143,-8.510153047207849,,,,,,,,-2.4706070545335734
2004-07-01 00:00:00.000000 UTC,history,106.1117,104.81756266481078,2.5712099753508539,,,,115.13157429892499,-10.314011634114209,,,,,,,,1.2941373351892196
2004-08-01 00:00:00.000000 UTC,history,116.232,114.57738988382373,2.5712099753508539,,,,116.44874718964098,-1.8713573058172506,,,,,,,,1.6546101161762721
2004-09-01 00:00:00.000000 UTC,history,120.729,120.10129175955046,2.5712099753508539,,,,117.65205585036995,2.44923590918051,,,,,,,,0.627708240449536
2004-10-01 00:00:00.000000 UTC,history,132.3043,131.97651368768095,2.5712099753508539,,,,118.05454726520495,13.921966422475993,,,,,,,,0.32778631231906274
2004-11-01 00:00:00.000000 UTC,history,133.1452,134.80765737853918,2.5712099753508539,,,,118.33806753085511,16.469589847684052,,,,,,,,-1.6624573785391874
2004-12-01 00:00:00.000000 UTC,history,129.9987,132.38303335883131,2.5712099753508539,,,,117.17087577461663,15.212157584214673,,,,,,,,-2.3843333588312987
2005-01-01 00:00:00.000000 UTC,history,124.5687,118.42539516954172,2.5712099753508539,,,,115.66847296025766,2.756922209284058,,,,,,,,6.1433048304582911
2005-02-01 00:00:00.000000 UTC,history,123.926,122.77654791978343,2.5712099753508539,,,,120.58567703730034,2.190870882483086,,,,,,,,1.1494520802165766
2005-03-01 00:00:00.000000 UTC,history,107.2575,112.07192240685993,2.5712099753508539,,,,120.92084064821077,-8.8489182413508463,,,,,,,,-4.8144224068599328
2005-04-01 00:00:00.000000 UTC,history,106.8015,105.83153183793685,2.5712099753508539,,,,117.32453088311539,-11.492999045178538,,,,,,,,0.96996816206315373
2005-05-01 00:00:00.000000 UTC,history,111.4551,109.18449509765698,2.5712099753508539,,,,118.63835761525903,-9.4538625176020439,,,,,,,,2.2706049023430239
2005-06-01 00:00:00.000000 UTC,history,107.194,108.91058275637528,2.5712099753508539,,,,120.33299836257285,-11.422415606197573,,,,,,,,-1.7165827563752742
2005-07-01 00:00:00.000000 UTC,history,110.2132,107.10475658253029,2.5712099753508539,,,,118.92832518104751,-11.82356859851723,,,,,,,,3.1084434174697151
2005-08-01 00:00:00.000000 UTC,history,114.8196,118.3495666058643,2.5712099753508539,,,,121.5191834413546,-3.1696168354902969,,,,,,,,-3.5299666058643027
2005-09-01 00:00:00.000000 UTC,history,119.7252,121.20909400792323,2.5712099753508539,,,,118.67993320551605,2.5291608024071781,,,,,,,,-1.4838940079232259
2005-10-01 00:00:00.000000 UTC,history,137.1695,132.90768427541965,2.5712099753508539,,,,118.03720117334632,14.87048310207334,,,,,,,,4.2618157245803445
2005-11-01 00:00:00.000000 UTC,history,136.3902,137.73570762577802,2.5712099753508539,,,,121.46278959450923,16.272918031268794,,,,,,,,-1.3455076257780263
2005-12-01 00:00:00.000000 UTC,history,139.9153,137.0882305463094,2.5712099753508539,,,,120.13216058304184,16.956069963267577,,,,,,,,2.8270694536905978
2006-01-01 00:00:00.000000 UTC,history,118.2816,126.95406584730831,2.5712099753508539,,,,122.47595310554365,4.4781127417646633,,,,,,,,-8.6724658473083167
2006-02-01 00:00:00.000000 UTC,history,117.8165,118.44731425233385,2.5712099753508539,,,,115.83817507588175,2.609139176452107,,,,,,,,-0.63081425233384891
2006-03-01 00:00:00.000000 UTC,history,108.4194,109.48219102667602,2.5712099753508539,,,,116.3522880429926,-6.8700970163165849,,,,,,,,-1.0627910266760239
2006-04-01 00:00:00.000000 UTC,history,107.5783,104.74501174493594,2.5712099753508539,,,,115.72867298279044,-10.983661237854507,,,,,,,,2.8332882550640619
2006-05-01 00:00:00.000000 UTC,history,101.9894,107.15796419800191,2.5712099753508539,,,,118.04839715075013,-10.890432952748224,,,,,,,,-5.1685641980019028
2006-06-01 00:00:00.000000 UTC,history,101.9425,101.26585149952716,2.5712099753508539,,,,114.0176187677052,-12.751767268178041,,,,,,,,0.67664850047283664
2006-07-01 00:00:00.000000 UTC,history,101.7114,102.18046981599788,2.5712099753508539,,,,115.14910099422596,-12.968631178228076,,,,,,,,-0.46906981599788367
2006-08-01 00:00:00.000000 UTC,history,112.0216,110.20868721031418,2.5712099753508539,,,,114.83462717146841,-4.6259399611542307,,,,,,,,1.812912789685825
2006-09-01 00:00:00.000000 UTC,history,118.6654,119.65059013279986,2.5712099753508539,,,,116.33471580567986,3.3158743271200035,,,,,,,,-0.98519013279985757
2006-10-01 00:00:00.000000 UTC,history,129.6397,130.63341342511956,2.5712099753508539,,,,115.52080758822984,15.112605836889706,,,,,,,,-0.99371342511955163
2006-11-01 00:00:00.000000 UTC,history,130.371,131.48983144287504,2.5712099753508539,,,,114.98457064600305,16.505260796871983,,,,,,,,-1.1188314428750346
2006-12-01 00:00:00.000000 UTC,history,132.0261,131.5772077954789,2.5712099753508539,,,,114.35608503672904,17.221122758749843,,,,,,,,0.44889220452111545
2007-01-01 00:00:00.000000 UTC,history,121.7363,119.3137588508644,2.5712099753508539,,,,114.90701135253187,4.40674749833253,,,,,,,,2.422541149135597
2007-02-01 00:00:00.000000 UTC,history,116.4986,118.12395168353217,2.5712099753508539,,,,116.76761473693639,1.3563369465957793,,,,,,,,-1.6253516835321733
2007-03-01 00:00:00.000000 UTC,history,112.6224,110.58036682327489,2.5712099753508539,,,,115.41541452437082,-4.8350477010959265,,,,,,,,2.0420331767251128
2007-04-01 00:00:00.000000 UTC,history,99.44,106.88864308903739,2.5712099753508539,,,,117.2033818062439,-10.314738717206515,,,,,,,,-7.44864308903739
2007-05-01 00:00:00.000000 UTC,history,98.0703,99.716926879379884,2.5712099753508539,,,,111.55606532166037,-11.839138442280483,,,,,,,,-1.6466268793798804
2007-06-01 00:00:00.000000 UTC,history,94.932,98.500534181492981,2.5712099753508539,,,,111.18998158738606,-12.689447405893072,,,,,,,,-3.5685341814929785
2007-07-01 00:00:00.000000 UTC,history,91.3872,95.15441291113234,2.5712099753508539,,,,108.804680471979,-13.650267560846657,,,,,,,,-3.7672129111323329
2007-08-01 00:00:00.000000 UTC,history,100.7496,100.70030737341892,2.5712099753508539,,,,106.46659945056651,-5.7662920771475887,,,,,,,,0.049292626581078025
2007-09-01 00:00:00.000000 UTC,history,110.1524,111.63392604479843,2.5712099753508539,,,,106.98895792860623,4.6449681161921976,,,,,,,,-1.4815260447984286
2007-10-01 00:00:00.000000 UTC,history,115.9774,122.40730289752591,2.5712099753508539,,,,105.9846844774643,16.42261842006161,,,,,,,,-6.4299028975259063
2007-11-01 00:00:00.000000 UTC,history,118.4564,118.97697988390306,2.5712099753508539,,,,101.45317235646812,17.523807527434943,,,,,,,,-0.52057988390305354
2007-12-01 00:00:00.000000 UTC,history,120.7117,117.57068796065786,2.5712099753508539,,,,101.82169690551987,15.74899105513799,,,,,,,,3.1410120393421295
2008-01-01 00:00:00.000000 UTC,history,108.7465,107.6368261790962,2.5712099753508539,,,,104.31539573436729,3.3214304447289158,,,,,,,,1.1096738209037937
2008-02-01 00:00:00.000000 UTC,history,101.782,104.87306722433624,2.5712099753508539,,,,104.92569620818739,-0.052628983851154443,,,,,,,,-3.0910672243362427
2008-03-01 00:00:00.000000 UTC,history,97.206,98.118917813239975,2.5712099753508539,,,,102.61595837072684,-4.4970405574868719,,,,,,,,-0.91291781323997157
2008-04-01 00:00:00.000000 UTC,history,91.8637,91.495441739600182,2.5712099753508539,,,,102.35360189116788,-10.858160151567704,,,,,,,,0.3682582603998128
2008-05-01 00:00:00.000000 UTC,history,88.9254,90.751078127973216,2.5712099753508539,,,,102.82361905504396,-12.072540927070746,,,,,,,,-1.8256781279732195
2008-06-01 00:00:00.000000 UTC,history,89.0084,88.798910077053421,2.5712099753508539,,,,101.53084914414622,-12.731939067092798,,,,,,,,0.20948992294657387
2008-07-01 00:00:00.000000 UTC,history,85.1186,88.944068454763467,2.5712099753508539,,,,101.97535710820452,-13.031288653441047,,,,,,,,-3.8254684547634668
2008-08-01 00:00:00.000000 UTC,history,88.5622,93.65882712618216,2.5712099753508539,,,,99.210443055679718,-5.5516159294975616,,,,,,,,-5.0966271261821561
2008-09-01 00:00:00.000000 UTC,history,103.2736,101.96952123239848,2.5712099753508539,,,,95.909081096596225,6.06044013580225,,,,,,,,1.3040787676015242
2008-10-01 00:00:00.000000 UTC,history,114.0601,116.36242701051404,2.5712099753508539,,,,97.500200018854656,18.862226991659384,,,,,,,,-2.3023270105140341
2008-11-01 00:00:00.000000 UTC,history,115.8743,113.50600061161957,2.5712099753508539,,,,95.757716201999472,17.748284409620098,,,,,,,,2.3682993883804357
2008-12-01 00:00:00.000000 UTC,history,101.7672,112.46756149993965,2.5712099753508539,,,,97.8572080092879,14.610353490651752,,,,,,,,-10.700361499939646
2009-01-01 00:00:00.000000 UTC,history,89.9004,91.34974099167961,2.5712099753508539,,,,89.756820554111414,1.592920437568196,,,,,,,,-1.4493409916796054
2009-02-01 00:00:00.000000 UTC,history,88.9836,88.606153520551459,2.5712099753508539,,,,89.8676159835588,-1.2614624630073523,,,,,,,,0.37744647944853682
2009-03-01 00:00:00.000000 UTC,history,85.5603,84.547787840570621,2.5712099753508539,,,,90.3989193725196,-5.8511315319489805,,,,,,,,1.0125121594293773
2009-04-01 00:00:00.000000 UTC,history,79.7102,80.33274100430225,2.5712099753508539,,,,91.217420129736681,-10.884679125434435,,,,,,,,-0.62254100430224923
2009-05-01 00:00:00.000000 UTC,history,80.2515,78.749620063352083,2.5712099753508539,,,,90.754640861427319,-12.005020798075236,,,,,,,,1.50187993664791
2009-06-01 00:00:00.000000 UTC,history,79.5651,79.365095568818916,2.5712099753508539,,,,92.038834132002322,-12.673738563183411,,,,,,,,0.20000443118108535
2009-07-01 00:00:00.000000 UTC,history,82.3126,80.78769439954516,2.5712099753508539,,,,92.138527535562162,-11.350833136016997,,,,,,,,1.5249056004548436
2009-08-01 00:00:00.000000 UTC,history,89.0494,88.701071486729887,2.5712099753508539,,,,93.356366285695657,-4.6552947989657625,,,,,,,,0.34832851327011838
2009-09-01 00:00:00.000000 UTC,history,101.1519,99.700465758558138,2.5712099753508539,,,,93.564106463321266,6.1363592952368755,,,,,,,,1.4514342414418593
2009-10-01 00:00:00.000000 UTC,history,123.6728,115.70099556699691,2.5712099753508539,,,,94.712211994783047,20.988783572213855,,,,,,,,7.9718044330030864
2009-11-01 00:00:00.000000 UTC,history,117.0719,118.2440580766619,2.5712099753508539,,,,100.6008597930263,17.643198283635591,,,,,,,,-1.1721580766619013
2009-12-01 00:00:00.000000 UTC,history,116.5435,113.22461342252593,2.5712099753508539,,,,99.022665823702212,14.201947598823724,,,,,,,,3.3188865774740606
2010-01-01 00:00:00.000000 UTC,history,100.3797,101.53814671981,2.5712099753508539,,,,101.7148770679165,-0.17673034810650357,,,,,,,,-1.1584467198100015
2010-02-01 00:00:00.000000 UTC,history,99.0155,98.874672159369936,2.5712099753508539,,,,100.61916988158647,-1.7444977222165305,,,,,,,,0.1408278406300667
2010-03-01 00:00:00.000000 UTC,history,91.9654,94.41406963840214,2.5712099753508539,,,,100.94485334952309,-6.53078371112095,,,,,,,,-2.4486696384021371
2010-04-01 00:00:00.000000 UTC,history,89.4914,88.88669851899715,2.5712099753508539,,,,99.21153306003167,-10.324834541034516,,,,,,,,0.6047014810028486
2010-05-01 00:00:00.000000 UTC,history,89.9713,87.786681299444353,2.5712099753508539,,,,100.01339572168024,-12.226714422235879,,,,,,,,2.1846187005556459
2010-06-01 00:00:00.000000 UTC,history,89.5047,88.77214763071531,2.5712099753508539,,,,101.68112034123965,-12.908972710524335,,,,,,,,0.73255236928469
2010-07-01 00:00:00.000000 UTC,history,96.4638,91.715408552601687,2.5712099753508539,,,,102.10784038872283,-10.392431836121146,,,,,,,,4.7483914473983191
2010-08-01 00:00:00.000000 UTC,history,106.7689,101.63468581717284,2.5712099753508539,,,,105.67056745276506,-4.0358816355922187,,,,,,,,5.134214182827165
2010-09-01 00:00:00.000000 UTC,history,115.8542,114.04309844736331,2.5712099753508539,,,,109.11280918748983,4.9302892598734749,,,,,,,,1.8111015526366998
2010-10-01 00:00:00.000000 UTC,history,126.2773,130.81478849510759,2.5712099753508539,,,,110.04280268348241,20.771985811625182,,,,,,,,-4.5374884951075956
2010-11-01 00:00:00.000000 UTC,history,117.7195,123.37774103356284,2.5712099753508539,,,,106.5854302303441,16.79231080321874,,,,,,,,-5.6582410335628452
2010-12-01 00:00:00.000000 UTC,history,118.7519,117.86481503085423,2.5712099753508539,,,,102.93838262891524,14.926432401939003,,,,,,,,0.887084969145775
2011-01-01 00:00:00.000000 UTC,history,103.0635,104.47409415314466,2.5712099753508539,,,,104.27617672418904,0.1979174289556267,,,,,,,,-1.4105941531446575
2011-02-01 00:00:00.000000 UTC,history,102.5548,101.98903597442936,2.5712099753508539,,,,103.23965334128978,-1.2506173668604277,,,,,,,,0.565764025570644
2011-03-01 00:00:00.000000 UTC,history,98.9834,98.168107866538747,2.5712099753508539,,,,103.90717121326261,-5.7390633467238663,,,,,,,,0.81529213346125573
2011-04-01 00:00:00.000000 UTC,history,97.5274,94.677264345257171,2.5712099753508539,,,,104.55978459536719,-9.882520250110014,,,,,,,,2.8501356547428287
2011-05-01 00:00:00.000000 UTC,history,91.3629,94.1531454377369,2.5712099753508539,,,,106.70141663772762,-12.548271199990722,,,,,,,,-2.7902454377368997
2011-06-01 00:00:00.000000 UTC,history,89.6899,91.429557486024365,2.5712099753508539,,,,104.43889152836095,-13.009334042336587,,,,,,,,-1.7396574860243703
2011-07-01 00:00:00.000000 UTC,history,89.6268,93.264694348795913,2.5712099753508539,,,,103.53073479539395,-10.266040446598046,,,,,,,,-3.6378943487959106
2011-08-01 00:00:00.000000 UTC,history,91.8899,97.718185706620659,2.5712099753508539,,,,101.10325814075651,-3.38507243413585,,,,,,,,-5.8282857066206617
2011-09-01 00:00:00.000000 UTC,history,93.9062,101.94277122323032,2.5712099753508539,,,,97.238350937013735,4.7044202862165925,,,,,,,,-8.0365712232303252
2011-10-01 00:00:00.000000 UTC,history,116.7634,109.88184495805802,2.5712099753508539,,,,91.952350616689756,17.929494341368276,,,,,,,,6.8815550419419793
2011-11-01 00:00:00.000000 UTC,history,116.8258,113.72899218291434,2.5712099753508539,,,,97.992682385346711,15.736309797567625,,,,,,,,3.0968078170856614
2011-12-01 00:00:00.000000 UTC,history,114.9563,115.21072696937084,2.5712099753508539,,,,99.702149062877112,15.508577906493722,,,,,,,,-0.25442696937084008
2012-01-01 00:00:00.000000 UTC,history,99.9662,100.59292182765653,2.5712099753508539,,,,99.301761952887,1.2911598747695225,,,,,,,,-0.62672182765652451
2012-02-01 00:00:00.000000 UTC,history,99.0417,98.3253215771631,2.5712099753508539,,,,98.964468742252109,-0.63914716508902047,,,,,,,,0.716378422836911
2012-03-01 00:00:00.000000 UTC,history,94.1484,95.8240742338049,2.5712099753508539,,,,99.6645100383907,-3.8404358045858022,,,,,,,,-1.675674233804898
2012-04-01 00:00:00.000000 UTC,history,87.695,89.414764122111862,2.5712099753508539,,,,98.448039134123007,-9.03327501201115,,,,,,,,-1.7197641221118687
2012-05-01 00:00:00.000000 UTC,history,85.351,84.759846737995943,2.5712099753508539,,,,97.441555460108972,-12.681708722113026,,,,,,,,0.591153262004056
2012-06-01 00:00:00.000000 UTC,history,86.5815,85.398602464496648,2.5712099753508539,,,,98.159349716842542,-12.760747252345888,,,,,,,,1.1828975355033577
2012-07-01 00:00:00.000000 UTC,history,89.5217,87.811093220698567,2.5712099753508539,,,,99.082960829017992,-11.271867608319422,,,,,,,,1.710606779301429
2012-08-01 00:00:00.000000 UTC,history,98.2967,96.16576280388766,2.5712099753508539,,,,100.33923375727571,-4.1734709533880459,,,,,,,,2.1309371961123418
2012-09-01 00:00:00.000000 UTC,history,112.2694,105.2562229093583,2.5712099753508539,,,,101.85475605717241,3.4014668521858971,,,,,,,,7.0131770906417046
2012-10-01 00:00:00.000000 UTC,history,114.9091,122.27768495245761,2.5712099753508539,,,,106.96101469582261,15.316670256634991,,,,,,,,-7.36858495245761
2012-11-01 00:00:00.000000 UTC,history,116.0791,117.6423069977948,2.5712099753508539,,,,100.86869468189069,16.773612315904117,,,,,,,,-1.5632069977948078
2012-12-01 00:00:00.000000 UTC,history,116.1401,117.26977293873108,2.5712099753508539,,,,100.55656657344629,16.71320636528479,,,,,,,,-1.1296729387310762
2013-01-01 00:00:00.000000 UTC,history,107.0733,101.95871006296164,2.5712099753508539,,,,99.977817646487352,1.980892416474294,,,,,,,,5.11458993703836
2013-02-01 00:00:00.000000 UTC,history,102.0263,103.83865529652481,2.5712099753508539,,,,104.00209295608002,-0.16343765955521283,,,,,,,,-1.8123552965247995
2013-03-01 00:00:00.000000 UTC,history,102.6319,99.5144499371485,2.5712099753508539,,,,102.23747358130031,-2.7230236441518127,,,,,,,,3.1174500628515034
2013-04-01 00:00:00.000000 UTC,history,95.3206,95.460572658326186,2.5712099753508539,,,,104.84475580716938,-9.3841831488431922,,,,,,,,-0.13997265832618666
2013-05-01 00:00:00.000000 UTC,history,91.7584,91.098248762560388,2.5712099753508539,,,,104.52745124693533,-13.429202484374946,,,,,,,,0.66015123743960658
2013-06-01 00:00:00.000000 UTC,history,91.8125,92.318180203461893,2.5712099753508539,,,,105.136241588169,-12.818061384707104,,,,,,,,-0.50568020346189257
2013-07-01 00:00:00.000000 UTC,history,92.4299,92.572719839095328,2.5712099753508539,,,,104.79619654325558,-12.223476704160243,,,,,,,,-0.14281983909532414
2013-08-01 00:00:00.000000 UTC,history,100.3593,101.04681161875071,2.5712099753508539,,,,104.84452978307129,-3.79771816432059,,,,,,,,-0.68751161875070466
2013-09-01 00:00:00.000000 UTC,history,105.5167,107.97496901864842,2.5712099753508539,,,,104.45066793681454,3.5243010818338791,,,,,,,,-2.4582690186484228
2013-10-01 00:00:00.000000 UTC,history,117.3458,116.87678000001297,2.5712099753508539,,,,102.79428222023043,14.082497779782546,,,,,,,,0.46901999998702593
2013-11-01 00:00:00.000000 UTC,history,121.6179,121.05120002541481,2.5712099753508539,,,,103.49614402887123,17.55505599654359,,,,,,,,0.56669997458519106
2013-12-01 00:00:00.000000 UTC,history,123.2412,121.05172705307027,2.5712099753508539,,,,103.97357295027746,17.0781541027928,,,,,,,,2.1894729469297403
2014-01-01 00:00:00.000000 UTC,history,104.5665,107.38500002792283,2.5712099753508539,,,,105.64876738476414,1.7362326431586899,,,,,,,,-2.8185000279228234
2014-02-01 00:00:00.000000 UTC,history,103.9509,103.06789217825242,2.5712099753508539,,,,103.43227389040769,-0.36438171215525922,,,,,,,,0.883007821747583
2014-03-01 00:00:00.000000 UTC,history,101.0708,102.09166130708667,2.5712099753508539,,,,104.47879299662929,-2.3871316895426333,,,,,,,,-1.0208613070866619
2014-04-01 00:00:00.000000 UTC,history,93.0044,94.447197436759311,2.5712099753508539,,,,103.73272567073306,-9.2855282339737464,,,,,,,,-1.4427974367593066
2014-05-01 00:00:00.000000 UTC,history,88.4073,89.670755677838372,2.5712099753508539,,,,102.86589762536275,-13.195141947524382,,,,,,,,-1.2634556778383654
2014-06-01 00:00:00.000000 UTC,history,89.3661,90.271905849407062,2.5712099753508539,,,,102.17536467441158,-11.903458825004522,,,,,,,,-0.90580584940705933
2014-07-01 00:00:00.000000 UTC,history,88.0949,90.29083955980515,2.5712099753508539,,,,101.73279387591724,-11.441954316112083,,,,,,,,-2.1959395598051543
2014-08-01 00:00:00.000000 UTC,history,98.0799,97.963026347991033,2.5712099753508539,,,,100.29379318870345,-2.3307668407124158,,,,,,,,0.11687365200896238
2014-09-01 00:00:00.000000 UTC,history,106.8675,103.84481405452149,2.5712099753508539,,,,100.70695785553094,3.1378561989905425,,,,,,,,3.0226859454785142
2014-10-01 00:00:00.000000 UTC,history,119.7665,116.64413254230686,2.5712099753508539,,,,103.04789437221422,13.596238170092645,,,,,,,,3.12236745769313
2014-11-01 00:00:00.000000 UTC,history,129.0619,120.92732814703258,2.5712099753508539,,,,105.16806750231852,15.759260644714065,,,,,,,,8.1345718529674258
2014-12-01 00:00:00.000000 UTC,history,128.5528,125.72943100767162,2.5712099753508539,,,,111.00824422170257,14.72118678596906,,,,,,,,2.8233689923283691
2015-01-01 00:00:00.000000 UTC,history,109.9525,113.09234397706669,2.5712099753508539,,,,112.38703128907852,0.70531268798817526,,,,,,,,-3.1398439770666897
2015-02-01 00:00:00.000000 UTC,history,108.9073,109.73447491627869,2.5712099753508539,,,,109.86704910912621,-0.13257419284753461,,,,,,,,-0.827174916278679
2015-03-01 00:00:00.000000 UTC,history,106.5261,106.78869808059353,2.5712099753508539,,,,109.67345412181885,-2.8847560412253221,,,,,,,,-0.26259808059353418
2015-04-01 00:00:00.000000 UTC,history,101.0631,101.64658262339077,2.5712099753508539,,,,109.66527997182939,-8.01869734843862,,,,,,,,-0.58348262339076484
2015-05-01 00:00:00.000000 UTC,history,96.7802,97.4199512133008,2.5712099753508539,,,,109.36099510146556,-11.941043888164758,,,,,,,,-0.63975121330081208
2015-06-01 00:00:00.000000 UTC,history,100.8339,98.535314990055483,2.5712099753508539,,,,109.04740528439248,-10.512090294336998,,,,,,,,2.2985850099445173
2015-07-01 00:00:00.000000 UTC,history,102.829,100.52009788230204,2.5712099753508539,,,,110.92625954830032,-10.406161665998289,,,,,,,,2.3089021176979543
2015-08-01 00:00:00.000000 UTC,history,115.903,110.6570654163575,2.5712099753508539,,,,112.51454348109559,-1.8574780647380884,,,,,,,,5.2459345836425086
2015-09-01 00:00:00.000000 UTC,history,115.8964,118.99659898921783,2.5712099753508539,,,,116.28754261534269,2.7090563738751494,,,,,,,,-3.10019898921783
2015-10-01 00:00:00.000000 UTC,history,126.744,126.73916992780406,2.5712099753508539,,,,113.55116813720159,13.18800179060247,,,,,,,,0.0048300721959435577
2015-11-01 00:00:00.000000 UTC,history,124.5176,128.94134346037609,2.5712099753508539,,,,113.97273367148915,14.968609788886925,,,,,,,,-4.4237434603760875
2015-12-01 00:00:00.000000 UTC,history,120.2374,124.60715751173987,2.5712099753508539,,,,110.78335218642454,13.823805325315334,,,,,,,,-4.369757511739877
2016-01-01 00:00:00.000000 UTC,history,108.5041,108.37919728618606,2.5712099753508539,,,,108.08365864459307,0.29553864159298104,,,,,,,,0.12490271381393825
2016-02-01 00:00:00.000000 UTC,history,108.1308,108.71394434445062,2.5712099753508539,,,,108.72344650692047,-0.0095021624698469476,,,,,,,,-0.58314434445063057
2016-03-01 00:00:00.000000 UTC,history,107.9417,105.16796182891652,2.5712099753508539,,,,108.38008109616007,-3.2121192672435539,,,,,,,,2.7737381710834796
2016-04-01 00:00:00.000000 UTC,history,103.6179,103.00339632039777,2.5712099753508539,,,,110.60680230226389,-7.603405981866115,,,,,,,,0.61450367960223673
2016-05-01 00:00:00.000000 UTC,history,102.0816,99.264708275863669,2.5712099753508539,,,,110.88587251126103,-11.621164235397353,,,,,,,,2.816891724136326
2016-06-01 00:00:00.000000 UTC,history,102.4044,102.94881380080575,2.5712099753508539,,,,113.02314468708883,-10.074330886283073,,,,,,,,-0.54441380080575641
2016-07-01 00:00:00.000000 UTC,history,102.9512,102.31795385617235,2.5712099753508539,,,,112.43535929743479,-10.117405441262431,,,,,,,,0.63324614382764821
2016-08-01 00:00:00.000000 UTC,history,104.6977,111.57477298316729,2.5712099753508539,,,,113.06517843615617,-1.4904054529888853,,,,,,,,-6.8770729831672952
2016-09-01 00:00:00.000000 UTC,history,109.3191,110.52790263160004,2.5712099753508539,,,,107.98622424407273,2.5416783875273103,,,,,,,,-1.2088026316000366
2016-10-01 00:00:00.000000 UTC,history,119.0502,120.9543089433898,2.5712099753508539,,,,107.88795694044472,13.066352002945084,,,,,,,,-1.9041089433898009
2016-11-01 00:00:00.000000 UTC,history,116.8431,121.33889850353849,2.5712099753508539,,,,106.69689379234043,14.64200471119806,,,,,,,,-4.4957985035384809
2016-12-01 00:00:00.000000 UTC,history,116.4535,117.02892124163139,2.5712099753508539,,,,103.6476504207759,13.381270820855487,,,,,,,,-0.57542124163138908
2017-01-01 00:00:00.000000 UTC,history,109.4666,103.85065898207449,2.5712099753508539,,,,103.77904521921117,0.071613762863322758,,,,,,,,5.6159410179255076
2017-02-01 00:00:00.000000 UTC,history,113.4661,108.1332468133613,2.5712099753508539,,,,108.12017198431073,0.013074829050571807,,,,,,,,5.332853186638701
2017-03-01 00:00:00.000000 UTC,history,105.2245,108.27977307988802,2.5712099753508539,,,,111.62218398147442,-3.3424109015864056,,,,,,,,-3.0552730798880106
2017-04-01 00:00:00.000000 UTC,history,107.4288,101.52448011617244,2.5712099753508539,,,,108.91042126116923,-7.3859411449967967,,,,,,,,5.9043198838275543
2017-05-01 00:00:00.000000 UTC,history,101.9209,102.31900289817999,2.5712099753508539,,,,113.71787292461171,-11.398870026431718,,,,,,,,-0.39810289817998523
2017-06-01 00:00:00.000000 UTC,history,104.2022,103.13177373389728,2.5712099753508539,,,,112.92559164336973,-9.79381790947245,,,,,,,,1.0704262661027286
2017-07-01 00:00:00.000000 UTC,history,102.5861,103.99436450352955,2.5712099753508539,,,,113.86591271174046,-9.87154820821091,,,,,,,,-1.4082645035295513
2017-08-01 00:00:00.000000 UTC,history,114.0613,111.50809706941597,2.5712099753508539,,,,112.81251347655473,-1.3044164071387647,,,,,,,,2.5532029305840354
2017-09-01 00:00:00.000000 UTC,forecast,118.25217655847192,118.25217655847192,2.5712099753508539,0.8,114.95514834820639,121.54920476873744,114.95886238017597,3.2933141782959492,,,,,,,,
2017-10-01 00:00:00.000000 UTC,forecast,127.96372237761544,127.96372237761544,3.2050988069936075,0.8,123.85386698476511,132.07357777046576,114.80299904255152,13.160723335063917,,,,,,,,
2017-11-01 00:00:00.000000 UTC,forecast,129.62892284741844,129.62892284741844,3.60603864671028,0.8,125.00494765305916,134.25289804177771,114.90629212497856,14.722630722439867,,,,,,,,
2017-12-01 00:00:00.000000 UTC,forecast,128.500503687633,128.500503687633,3.9666574191054571,0.8,123.41411185786222,133.58689551740378,115.00958520740562,13.490918480227382,,,,,,,,
2018-01-01 00:00:00.000000 UTC,forecast,115.20675992424471,115.20675992424471,4.2971185042445166,0.8,109.69662225864434,120.71689758984508,115.11287828983265,0.0938816344120593,,,,,,,,
2018-02-01 00:00:00.000000 UTC,forecast,115.39188425828684,115.39188425828684,4.6039204813394514,0.8,109.48833851511039,121.29543000146329,115.21617137225971,0.17571288602712742,,,,,,,,
2018-03-01 00:00:00.000000 UTC,forecast,112.60705005638576,112.60705005638576,4.8915171631583947,0.8,106.33472292925936,118.87937718351216,115.31946445468675,-2.7124143983009894,,,,,,,,
2018-04-01 00:00:00.000000 UTC,forecast,107.82581026941367,107.82581026941367,5.1631188749097587,0.8,101.20521189482585,114.44640864400148,115.4227575371138,-7.5969472677001253,,,,,,,,
2018-05-01 00:00:00.000000 UTC,forecast,103.68383721301559,103.68383721301559,5.4211302212200794,0.8,96.73239433505826,110.63528009097293,115.52605061954085,-11.842213406525264,,,,,,,,
2018-06-01 00:00:00.000000 UTC,forecast,105.29531894603252,105.29531894603252,5.6674076291018567,0.8,98.0280778372339,112.56256005483115,115.6293437019679,-10.334024755935378,,,,,,,,
2018-07-01 00:00:00.000000 UTC,forecast,105.61355667452735,105.61355667452735,5.9034198218810587,0.8,98.043680283111058,113.18343306594363,115.73263678439494,-10.119080109867594,,,,,,,,
2018-08-01 00:00:00.000000 UTC,forecast,114.56339042277629,114.56339042277629,6.130352514525935,0.8,106.70252127049862,122.42425957505397,115.835929866822,-1.2725394440456994,,,,,,,,
2018-09-01 00:00:00.000000 UTC,forecast,119.45352760832672,119.45352760832672,6.3491793415630271,0.8,111.31205973839445,127.594995478259,115.93922294924904,3.5143046590776819,,,,,,,,
2018-10-01 00:00:00.000000 UTC,forecast,129.03060788162847,129.03060788162847,6.5607114454384421,0.8,120.61789522012334,137.44332054313358,116.04251603167609,12.988091849952374,,,,,,,,
2018-11-01 00:00:00.000000 UTC,forecast,130.63883407544029,130.63883407544029,6.7656330841454322,0.8,121.9633531335583,139.31431501732226,116.14580911410314,14.493024961337143,,,,,,,,
2018-12-01 00:00:00.000000 UTC,forecast,129.45217894148348,129.45217894148348,6.9645277936310581,0.8,120.52165797006941,138.38269991289755,116.24910219653019,13.203076744953295,,,,,,,,
2019-01-01 00:00:00.000000 UTC,forecast,116.28972202003966,116.28972202003966,7.1578979978228077,0.8,107.11124501844645,125.46819902163287,116.35239527895723,-0.062673258917564034,,,,,,,,
2019-02-01 00:00:00.000000 UTC,forecast,116.75280397761254,116.75280397761254,7.3461799669087888,0.8,107.33289552175776,126.17271243346732,116.45568836138429,0.29711561622825333,,,,,,,,
2019-03-01 00:00:00.000000 UTC,forecast,114.09554342741217,114.09554342741217,7.5297554054025069,0.8,104.44023863861376,123.75084821621057,116.55898144381132,-2.463438016399158,,,,,,,,
2019-04-01 00:00:00.000000 UTC,forecast,109.16106525600252,109.16106525600252,7.70896055406723,0.8,99.275968098538542,119.04616241346649,116.66227452623838,-7.5012092702358641,,,,,,,,
2019-05-01 00:00:00.000000 UTC,forecast,104.8771278530111,104.8771278530111,7.8840934281083195,0.8,94.767460150242073,114.98679555578013,116.76556760866544,-11.888439755654337,,,,,,,,
2019-06-01 00:00:00.000000 UTC,forecast,106.51937883887231,106.51937883887231,8.0554196378659917,0.8,96.190021825566973,116.84873585217765,116.86886069109246,-10.349481852220149,,,,,,,,
2019-07-01 00:00:00.000000 UTC,forecast,106.90429950531396,106.90429950531396,8.2231771172152985,0.8,96.359829316810917,117.448769693817,116.97215377351952,-10.067854268205565,,,,,,,,
2019-08-01 00:00:00.000000 UTC,forecast,115.99669999763648,115.99669999763648,8.3875800002187511,0.8,105.24141818802599,126.75198180724698,117.07544685594657,-1.0787468583100883,,,,,,,,